{
	"parent": "item/handheld",
	"credit": "Made with Blockbench",
	"texture_size": [64, 64],
	"textures": {
		"0": "item/composite_bow",
		"particle": "item/composite_bow"
	},
	"elements": [
		{
			"from": [8, -6.5, 12.5],
			"to": [8, 20.5, 13.5],
			"rotation": {"angle": 0, "axis": "y", "origin": [0, -3, -3.75]},
			"faces": {
				"north": {"uv": [0, 0, 0, 6.75], "texture": "#0"},
				"east": {"uv": [0, 2.75, 0.25, 9.5], "texture": "#0"},
				"south": {"uv": [0, 0, 0, 6.75], "texture": "#0"},
				"west": {"uv": [0.25, 2.75, 0.5, 9.5], "texture": "#0"},
				"up": {"uv": [0, 0.25, 0, 0], "texture": "#0"},
				"down": {"uv": [0, 0, 0, 0.25], "texture": "#0"}
			}
		},
		{
			"from": [6.995, 3.995, 5.995],
			"to": [9.005, 10.005, 8.005],
			"rotation": {"angle": 0, "axis": "y", "origin": [0, -3, 15.25]},
			"faces": {
				"north": {"uv": [4, 1.75, 4.5, 3.25], "texture": "#0"},
				"east": {"uv": [4, 3.25, 4.5, 4.75], "texture": "#0"},
				"south": {"uv": [4.5, 0, 5, 1.5], "texture": "#0"},
				"west": {"uv": [0.5, 4.5, 1, 6], "texture": "#0"},
				"up": {"uv": [2.25, 5.5, 1.75, 5], "texture": "#0"},
				"down": {"uv": [3.25, 5, 2.75, 5.5], "texture": "#0"}
			}
		},
		{
			"from": [6.495, 9.595, 5.395],
			"to": [9.505, 10.605, 8.405],
			"rotation": {"angle": -22.5, "axis": "x", "origin": [8, 10.1, 7]},
			"faces": {
				"north": {"uv": [5.75, 2.5, 6.5, 2.75], "texture": "#0"},
				"east": {"uv": [5, 5.75, 5.75, 6], "texture": "#0"},
				"south": {"uv": [5.75, 5.75, 6.5, 6], "texture": "#0"},
				"west": {"uv": [1.5, 6, 2.25, 6.25], "texture": "#0"},
				"up": {"uv": [5.75, 0.75, 5, 0], "texture": "#0"},
				"down": {"uv": [5.75, 0.75, 5, 1.5], "texture": "#0"}
			}
		},
		{
			"from": [6.495, 3.395, 5.395],
			"to": [9.505, 4.405, 8.405],
			"rotation": {"angle": 22.5, "axis": "x", "origin": [8, 3.9, 7]},
			"faces": {
				"north": {"uv": [2.75, 6, 3.5, 6.25], "texture": "#0"},
				"east": {"uv": [6, 2.75, 6.75, 3], "texture": "#0"},
				"south": {"uv": [6, 3, 6.75, 3.25], "texture": "#0"},
				"west": {"uv": [3.5, 6, 4.25, 6.25], "texture": "#0"},
				"up": {"uv": [1.75, 5.75, 1, 5], "texture": "#0"},
				"down": {"uv": [5.75, 2, 5, 2.75], "texture": "#0"}
			}
		},
		{
			"from": [6.997, 9.997, 5.997],
			"to": [9.003, 16.903, 8.003],
			"rotation": {"angle": -22.5, "axis": "x", "origin": [8, 10, 8]},
			"faces": {
				"north": {"uv": [0.5, 2.75, 1, 4.5], "texture": "#0"},
				"east": {"uv": [1, 2.75, 1.5, 4.5], "texture": "#0"},
				"south": {"uv": [1.5, 2.75, 2, 4.5], "texture": "#0"},
				"west": {"uv": [2, 2.75, 2.5, 4.5], "texture": "#0"},
				"up": {"uv": [5.5, 3.25, 5, 2.75], "texture": "#0"},
				"down": {"uv": [3.75, 5, 3.25, 5.5], "texture": "#0"}
			}
		},
		{
			"from": [6.997, -2.903, 5.997],
			"to": [9.003, 4.003, 8.003],
			"rotation": {"angle": 22.5, "axis": "x", "origin": [8, 4, 8]},
			"faces": {
				"north": {"uv": [2.5, 2.75, 3, 4.5], "texture": "#0"},
				"east": {"uv": [3, 2.75, 3.5, 4.5], "texture": "#0"},
				"south": {"uv": [3.5, 2.75, 4, 4.5], "texture": "#0"},
				"west": {"uv": [4, 0, 4.5, 1.75], "texture": "#0"},
				"up": {"uv": [5.5, 4.25, 5, 3.75], "texture": "#0"},
				"down": {"uv": [5.5, 4.25, 5, 4.75], "texture": "#0"}
			}
		},
		{
			"from": [6.998, 13.60091, 4.59871],
			"to": [9.002, 15.60491, 9.60271],
			"rotation": {"angle": -22.5, "axis": "x", "origin": [8, 15.53223, 3.61803]},
			"faces": {
				"north": {"uv": [4.5, 5, 5, 5.5], "texture": "#0"},
				"east": {"uv": [1, 4.5, 2.25, 5], "texture": "#0"},
				"south": {"uv": [5, 4.75, 5.5, 5.25], "texture": "#0"},
				"west": {"uv": [4.5, 1.5, 5.75, 2], "texture": "#0"},
				"up": {"uv": [5, 3.25, 4.5, 2], "texture": "#0"},
				"down": {"uv": [2.75, 4.5, 2.25, 5.75], "texture": "#0"}
			}
		},
		{
			"from": [6.998, -1.51253, 4.53698],
			"to": [9.002, 0.49147, 9.54098],
			"rotation": {"angle": 22.5, "axis": "x", "origin": [8, -1.53223, 3.51803]},
			"faces": {
				"north": {"uv": [5, 5.25, 5.5, 5.75], "texture": "#0"},
				"east": {"uv": [2.75, 4.5, 4, 5], "texture": "#0"},
				"south": {"uv": [1.75, 5.5, 2.25, 6], "texture": "#0"},
				"west": {"uv": [4.5, 3.25, 5.75, 3.75], "texture": "#0"},
				"up": {"uv": [5, 5, 4.5, 3.75], "texture": "#0"},
				"down": {"uv": [4.5, 4.75, 4, 6], "texture": "#0"}
			}
		},
		{
			"from": [7, 16.09385, 7.94326],
			"to": [9, 18.09385, 9.94326],
			"rotation": {"angle": 45, "axis": "x", "origin": [8, 16.11118, 9.87258]},
			"faces": {
				"north": {"uv": [2.75, 5.5, 3.25, 6], "texture": "#0"},
				"east": {"uv": [5.5, 2.75, 6, 3.25], "texture": "#0"},
				"south": {"uv": [3.25, 5.5, 3.75, 6], "texture": "#0"},
				"west": {"uv": [5.5, 3.75, 6, 4.25], "texture": "#0"},
				"up": {"uv": [6, 4.75, 5.5, 4.25], "texture": "#0"},
				"down": {"uv": [5, 5.5, 4.5, 6], "texture": "#0"}
			}
		},
		{
			"from": [7.5, 18.09385, 8.44326],
			"to": [8.5, 20.09385, 9.44326],
			"rotation": {"angle": 45, "axis": "x", "origin": [8, 16.11118, 9.87258]},
			"faces": {
				"north": {"uv": [3.75, 5, 4, 5.5], "texture": "#0"},
				"east": {"uv": [3.75, 5.5, 4, 6], "texture": "#0"},
				"south": {"uv": [0.5, 6, 0.75, 6.5], "texture": "#0"},
				"west": {"uv": [0.75, 6, 1, 6.5], "texture": "#0"},
				"up": {"uv": [1.75, 6, 1.5, 5.75], "texture": "#0"},
				"down": {"uv": [6.5, 0.5, 6.25, 0.75], "texture": "#0"}
			}
		},
		{
			"from": [7, 20.09385, 8.44326],
			"to": [9, 22.09385, 9.44326],
			"rotation": {"angle": 45, "axis": "x", "origin": [8, 16.11118, 9.87258]},
			"faces": {
				"north": {"uv": [5.5, 4.75, 6, 5.25], "texture": "#0"},
				"east": {"uv": [6, 3.75, 6.25, 4.25], "texture": "#0"},
				"south": {"uv": [5.5, 5.25, 6, 5.75], "texture": "#0"},
				"west": {"uv": [4.25, 6, 4.5, 6.5], "texture": "#0"},
				"up": {"uv": [6.5, 4.5, 6, 4.25], "texture": "#0"},
				"down": {"uv": [5, 6, 4.5, 6.25], "texture": "#0"}
			}
		},
		{
			"from": [7, -3.96978, 9.82597],
			"to": [9, -1.96978, 11.82597],
			"rotation": {"angle": 45, "axis": "x", "origin": [8, -2.04046, 9.84329]},
			"faces": {
				"north": {"uv": [6.25, 2, 5.75, 1.5], "rotation": 180, "texture": "#0"},
				"east": {"uv": [5.75, 0.5, 6.25, 1], "rotation": 90, "texture": "#0"},
				"south": {"uv": [6.25, 2, 5.75, 2.5], "texture": "#0"},
				"west": {"uv": [5.75, 1, 6.25, 1.5], "rotation": 270, "texture": "#0"},
				"up": {"uv": [1, 5.75, 1.5, 6.25], "texture": "#0"},
				"down": {"uv": [5.75, 0, 6.25, 0.5], "rotation": 180, "texture": "#0"}
			}
		},
		{
			"from": [7, -8.02314, 8.41397],
			"to": [9, -6.02314, 9.41397],
			"rotation": {"angle": -45, "axis": "x", "origin": [8, -2.04046, 9.84329]},
			"faces": {
				"north": {"uv": [2.25, 5.75, 2.75, 6.25], "texture": "#0"},
				"east": {"uv": [6, 4.5, 6.25, 5], "texture": "#0"},
				"south": {"uv": [5.75, 3.25, 6.25, 3.75], "texture": "#0"},
				"west": {"uv": [5, 6, 5.25, 6.5], "texture": "#0"},
				"up": {"uv": [6.5, 5.25, 6, 5], "texture": "#0"},
				"down": {"uv": [5.75, 6, 5.25, 6.25], "texture": "#0"}
			}
		},
		{
			"from": [7.5, -6.02314, 8.41397],
			"to": [8.5, -4.02314, 9.41397],
			"rotation": {"angle": -45, "axis": "x", "origin": [8, -2.04046, 9.84329]},
			"faces": {
				"north": {"uv": [6, 5.25, 6.25, 5.75], "texture": "#0"},
				"east": {"uv": [5.75, 6, 6, 6.5], "texture": "#0"},
				"south": {"uv": [6, 6, 6.25, 6.5], "texture": "#0"},
				"west": {"uv": [6.25, 0, 6.5, 0.5], "texture": "#0"},
				"up": {"uv": [6.5, 1, 6.25, 0.75], "texture": "#0"},
				"down": {"uv": [1.25, 6.25, 1, 6.5], "texture": "#0"}
			}
		}
	],
	"gui_light": "front",
	"display": {
		"thirdperson_righthand": {
			"translation": [0, -1, 1.5]
		},
		"thirdperson_lefthand": {
			"translation": [0, -1, 2.25]
		},
		"firstperson_righthand": {
			"rotation": [4, -9, 0],
			"translation": [2.75, 3.25, -3.25],
			"scale": [0.8, 0.8, 0.8]
		},
		"firstperson_lefthand": {
			"rotation": [4, -9, 0],
			"translation": [2.75, 3.25, -3.25],
			"scale": [0.8, 0.8, 0.8]
		},
		"ground": {
			"rotation": [-45, 0, 0],
			"translation": [0, 3.25, 0],
			"scale": [0.5, 0.5, 0.5]
		},
		"gui": {
			"rotation": [-90, 135, 90],
			"translation": [-1.25, 2, 0],
			"scale": [0.7, 0.7, 0.7]
		},
		"fixed": {
			"rotation": [90, -45, 90],
			"translation": [3.25, 3.25, -1],
			"scale": [0.85, 0.85, 0.85]
		}
	},
	"groups": [
		{
			"name": "group",
			"origin": [8, 0.95954, 15.59329],
			"color": 0,
			"children": [0, 1, 2, 3, 4, 5, 6, 7, 8, 9, 10, 11, 12, 13]
		}
	]
}