{
  "parent": "item/handheld",
  "credit": "Made with Blockbench",
  "textures": {
    "0": "item/dark_blade",
    "particle": "item/dark_blade"
  },
  "elements": [
    {
      "name": "dark_blade_0",
      "from": [7.95, 11.525, 8.2],
      "to": [8.075, 12.9, 8.325],
      "faces": {
        "north": {"uv": [9.875, 1.5, 9.75, 2.875], "texture": "#0"},
        "east": {"uv": [9.75, 1.5, 9.875, 2.875], "texture": "#0"},
        "south": {"uv": [9.75, 1.5, 9.875, 2.875], "texture": "#0"},
        "west": {"uv": [9.75, 1.5, 9.875, 2.875], "texture": "#0"},
        "up": {"uv": [9.75, 1.5, 9.875, 1.625], "texture": "#0"},
        "down": {"uv": [9.75, 2.75, 9.875, 2.875], "texture": "#0"}
      }
    },
    {
      "name": "dark_blade_1",
      "from": [7.825, 11.15, 8.2],
      "to": [7.95, 12.65, 8.325],
      "faces": {
        "north": {"uv": [9.75, 1.75, 9.625, 3.25], "texture": "#0"},
        "east": {"uv": [9.625, 1.75, 9.75, 3.25], "texture": "#0"},
        "south": {"uv": [9.625, 1.75, 9.75, 3.25], "texture": "#0"},
        "west": {"uv": [9.625, 1.75, 9.75, 3.25], "texture": "#0"},
        "up": {"uv": [9.625, 1.75, 9.75, 1.875], "texture": "#0"},
        "down": {"uv": [9.625, 3.125, 9.75, 3.25], "texture": "#0"}
      }
    },
    {
      "name": "dark_blade_2",
      "from": [8.075, 11.15, 8.2],
      "to": [8.2, 12.65, 8.325],
      "faces": {
        "north": {"uv": [10, 1.75, 9.875, 3.25], "texture": "#0"},
        "east": {"uv": [9.875, 1.75, 10, 3.25], "texture": "#0"},
        "south": {"uv": [9.875, 1.75, 10, 3.25], "texture": "#0"},
        "west": {"uv": [9.875, 1.75, 10, 3.25], "texture": "#0"},
        "up": {"uv": [9.875, 1.75, 10, 1.875], "texture": "#0"},
        "down": {"uv": [9.875, 3.125, 10, 3.25], "texture": "#0"}
      }
    },
    {
      "name": "dark_blade_3",
      "from": [7.7, 6.9, 8.2],
      "to": [7.825, 12.15, 8.325],
      "faces": {
        "north": {"uv": [9.625, 2.25, 9.5, 7.5], "texture": "#0"},
        "east": {"uv": [9.5, 2.25, 9.625, 7.5], "texture": "#0"},
        "south": {"uv": [9.5, 2.25, 9.625, 7.5], "texture": "#0"},
        "west": {"uv": [9.5, 2.25, 9.625, 7.5], "texture": "#0"},
        "up": {"uv": [9.5, 2.25, 9.625, 2.375], "texture": "#0"},
        "down": {"uv": [9.5, 7.375, 9.625, 7.5], "texture": "#0"}
      }
    },
    {
      "name": "dark_blade_4",
      "from": [8.2, 6.9, 8.2],
      "to": [8.325, 12.15, 8.325],
      "faces": {
        "north": {"uv": [10.125, 2.25, 10, 7.5], "texture": "#0"},
        "east": {"uv": [10, 2.25, 10.125, 7.5], "texture": "#0"},
        "south": {"uv": [10, 2.25, 10.125, 7.5], "texture": "#0"},
        "west": {"uv": [10, 2.25, 10.125, 7.5], "texture": "#0"},
        "up": {"uv": [10, 2.25, 10.125, 2.375], "texture": "#0"},
        "down": {"uv": [10, 7.375, 10.125, 7.5], "texture": "#0"}
      }
    },
    {
      "name": "dark_blade_5",
      "from": [7.95, 6.775, 8.15],
      "to": [8.075, 11.525, 8.375],
      "faces": {
        "north": {"uv": [7.875, 2.625, 7.75, 7.375], "texture": "#0"},
        "east": {"uv": [7.75, 2.625, 7.875, 7.375], "texture": "#0"},
        "south": {"uv": [7.75, 2.625, 7.875, 7.375], "texture": "#0"},
        "west": {"uv": [7.75, 2.625, 7.875, 7.375], "texture": "#0"},
        "up": {"uv": [7.75, 2.625, 7.875, 2.75], "texture": "#0"},
        "down": {"uv": [7.75, 7.25, 7.875, 7.375], "texture": "#0"}
      }
    },
    {
      "name": "dark_blade_6",
      "from": [7.825, 6.275, 8.15],
      "to": [7.95, 11.15, 8.375],
      "faces": {
        "north": {"uv": [7.75, 3, 7.625, 7.875], "texture": "#0"},
        "east": {"uv": [7.625, 3, 7.75, 7.875], "texture": "#0"},
        "south": {"uv": [7.625, 3, 7.75, 7.875], "texture": "#0"},
        "west": {"uv": [7.625, 3, 7.75, 7.875], "texture": "#0"},
        "up": {"uv": [7.625, 3, 7.75, 3.125], "texture": "#0"},
        "down": {"uv": [7.625, 7.75, 7.75, 7.875], "texture": "#0"}
      }
    },
    {
      "name": "dark_blade_7",
      "from": [8.075, 6.275, 8.15],
      "to": [8.2, 11.15, 8.375],
      "faces": {
        "north": {"uv": [8, 3, 7.875, 7.875], "texture": "#0"},
        "east": {"uv": [7.875, 3, 8, 7.875], "texture": "#0"},
        "south": {"uv": [7.875, 3, 8, 7.875], "texture": "#0"},
        "west": {"uv": [7.875, 3, 8, 7.875], "texture": "#0"},
        "up": {"uv": [7.875, 3, 8, 3.125], "texture": "#0"},
        "down": {"uv": [7.875, 7.75, 8, 7.875], "texture": "#0"}
      }
    },
    {
      "name": "dark_blade_8",
      "from": [7.575, 6.275, 8.2],
      "to": [7.7, 11.15, 8.325],
      "faces": {
        "north": {"uv": [9.5, 3.25, 9.375, 8.125], "texture": "#0"},
        "east": {"uv": [9.375, 3.25, 9.5, 8.125], "texture": "#0"},
        "south": {"uv": [9.375, 3.25, 9.5, 8.125], "texture": "#0"},
        "west": {"uv": [9.375, 3.25, 9.5, 8.125], "texture": "#0"},
        "up": {"uv": [9.375, 3.25, 9.5, 3.375], "texture": "#0"},
        "down": {"uv": [9.375, 8, 9.5, 8.125], "texture": "#0"}
      }
    },
    {
      "name": "dark_blade_9",
      "from": [8.325, 6.275, 8.2],
      "to": [8.45, 11.15, 8.325],
      "faces": {
        "north": {"uv": [10.25, 3.25, 10.125, 8.125], "texture": "#0"},
        "east": {"uv": [10.125, 3.25, 10.25, 8.125], "texture": "#0"},
        "south": {"uv": [10.125, 3.25, 10.25, 8.125], "texture": "#0"},
        "west": {"uv": [10.125, 3.25, 10.25, 8.125], "texture": "#0"},
        "up": {"uv": [10.125, 3.25, 10.25, 3.375], "texture": "#0"},
        "down": {"uv": [10.125, 8, 10.25, 8.125], "texture": "#0"}
      }
    },
    {
      "name": "dark_blade_10",
      "from": [7.7, 6.15, 8.15],
      "to": [7.825, 6.9, 8.375],
      "faces": {
        "north": {"uv": [7.625, 7.25, 7.5, 8], "texture": "#0"},
        "east": {"uv": [7.5, 7.25, 7.625, 8], "texture": "#0"},
        "south": {"uv": [7.5, 7.25, 7.625, 8], "texture": "#0"},
        "west": {"uv": [7.5, 7.25, 7.625, 8], "texture": "#0"},
        "up": {"uv": [7.5, 7.25, 7.625, 7.375], "texture": "#0"},
        "down": {"uv": [7.5, 7.875, 7.625, 8], "texture": "#0"}
      }
    },
    {
      "name": "dark_blade_11",
      "from": [8.2, 6.15, 8.15],
      "to": [8.325, 6.9, 8.375],
      "faces": {
        "north": {"uv": [8.125, 7.25, 8, 8], "texture": "#0"},
        "east": {"uv": [8, 7.25, 8.125, 8], "texture": "#0"},
        "south": {"uv": [8, 7.25, 8.125, 8], "texture": "#0"},
        "west": {"uv": [8, 7.25, 8.125, 8], "texture": "#0"},
        "up": {"uv": [8, 7.25, 8.125, 7.375], "texture": "#0"},
        "down": {"uv": [8, 7.875, 8.125, 8], "texture": "#0"}
      }
    },
    {
      "name": "dark_blade_12",
      "from": [7.45, 6.4, 8.2],
      "to": [7.575, 6.65, 8.325],
      "faces": {
        "north": {"uv": [9.375, 7.75, 9.25, 8], "texture": "#0"},
        "east": {"uv": [9.25, 7.75, 9.375, 8], "texture": "#0"},
        "south": {"uv": [9.25, 7.75, 9.375, 8], "texture": "#0"},
        "west": {"uv": [9.25, 7.75, 9.375, 8], "texture": "#0"},
        "up": {"uv": [9.25, 7.75, 9.375, 7.875], "texture": "#0"},
        "down": {"uv": [9.25, 7.875, 9.375, 8], "texture": "#0"}
      }
    },
    {
      "name": "dark_blade_13",
      "from": [8.45, 6.4, 8.2],
      "to": [8.575, 6.65, 8.325],
      "faces": {
        "north": {"uv": [10.375, 7.75, 10.25, 8], "texture": "#0"},
        "east": {"uv": [10.25, 7.75, 10.375, 8], "texture": "#0"},
        "south": {"uv": [10.25, 7.75, 10.375, 8], "texture": "#0"},
        "west": {"uv": [10.25, 7.75, 10.375, 8], "texture": "#0"},
        "up": {"uv": [10.25, 7.75, 10.375, 7.875], "texture": "#0"},
        "down": {"uv": [10.25, 7.875, 10.375, 8], "texture": "#0"}
      }
    },
    {
      "name": "dark_blade_14",
      "from": [7.95, 4.525, 8],
      "to": [8.075, 6.775, 8.525],
      "faces": {
        "north": {"uv": [5.375, 7.875, 5.25, 10.125], "texture": "#0"},
        "east": {"uv": [5.25, 7.875, 5.375, 10.125], "texture": "#0"},
        "south": {"uv": [5.25, 7.875, 5.375, 10.125], "texture": "#0"},
        "west": {"uv": [5.25, 7.875, 5.375, 10.125], "texture": "#0"},
        "up": {"uv": [5.25, 7.875, 5.375, 8], "texture": "#0"},
        "down": {"uv": [5.25, 10, 5.375, 10.125], "texture": "#0"}
      }
    },
    {
      "name": "dark_blade_15",
      "from": [7.2, 6.275, 8.1],
      "to": [7.45, 6.525, 8.425],
      "faces": {
        "north": {"uv": [7.25, 7.875, 7, 8.125], "texture": "#0"},
        "east": {"uv": [7.125, 7.875, 7.25, 8.125], "texture": "#0"},
        "south": {"uv": [7, 7.875, 7.25, 8.125], "texture": "#0"},
        "west": {"uv": [7, 7.875, 7.125, 8.125], "texture": "#0"},
        "up": {"uv": [7, 7.875, 7.25, 8], "texture": "#0"},
        "down": {"uv": [7, 8, 7.25, 8.125], "texture": "#0"}
      }
    },
    {
      "name": "dark_blade_16",
      "from": [8.575, 6.275, 8.1],
      "to": [8.825, 6.525, 8.425],
      "faces": {
        "north": {"uv": [8.625, 7.875, 8.375, 8.125], "texture": "#0"},
        "east": {"uv": [8.5, 7.875, 8.625, 8.125], "texture": "#0"},
        "south": {"uv": [8.375, 7.875, 8.625, 8.125], "texture": "#0"},
        "west": {"uv": [8.375, 7.875, 8.5, 8.125], "texture": "#0"},
        "up": {"uv": [8.375, 7.875, 8.625, 8], "texture": "#0"},
        "down": {"uv": [8.375, 8, 8.625, 8.125], "texture": "#0"}
      }
    },
    {
      "name": "dark_blade_17",
      "from": [7.45, 5.025, 8.1],
      "to": [7.575, 6.4, 8.425],
      "faces": {
        "north": {"uv": [7.375, 8, 7.25, 9.375], "texture": "#0"},
        "east": {"uv": [7.25, 8, 7.375, 9.375], "texture": "#0"},
        "south": {"uv": [7.25, 8, 7.375, 9.375], "texture": "#0"},
        "west": {"uv": [7.25, 8, 7.375, 9.375], "texture": "#0"},
        "up": {"uv": [7.25, 8, 7.375, 8.125], "texture": "#0"},
        "down": {"uv": [7.25, 9.25, 7.375, 9.375], "texture": "#0"}
      }
    },
    {
      "name": "dark_blade_18",
      "from": [8.45, 5.025, 8.1],
      "to": [8.575, 6.4, 8.425],
      "faces": {
        "north": {"uv": [8.375, 8, 8.25, 9.375], "texture": "#0"},
        "east": {"uv": [8.25, 8, 8.375, 9.375], "texture": "#0"},
        "south": {"uv": [8.25, 8, 8.375, 9.375], "texture": "#0"},
        "west": {"uv": [8.25, 8, 8.375, 9.375], "texture": "#0"},
        "up": {"uv": [8.25, 8, 8.375, 8.125], "texture": "#0"},
        "down": {"uv": [8.25, 9.25, 8.375, 9.375], "texture": "#0"}
      }
    },
    {
      "name": "dark_blade_19",
      "from": [7.325, 5.9, 8.1],
      "to": [7.45, 6.275, 8.425],
      "faces": {
        "north": {"uv": [7.25, 8.125, 7.125, 8.5], "texture": "#0"},
        "east": {"uv": [7.125, 8.125, 7.25, 8.5], "texture": "#0"},
        "south": {"uv": [7.125, 8.125, 7.25, 8.5], "texture": "#0"},
        "west": {"uv": [7.125, 8.125, 7.25, 8.5], "texture": "#0"},
        "up": {"uv": [7.125, 8.125, 7.25, 8.25], "texture": "#0"},
        "down": {"uv": [7.125, 8.375, 7.25, 8.5], "texture": "#0"}
      }
    },
    {
      "name": "dark_blade_20",
      "from": [7.575, 5.15, 8.1],
      "to": [7.7, 6.275, 8.425],
      "faces": {
        "north": {"uv": [7.5, 8.125, 7.375, 9.25], "texture": "#0"},
        "east": {"uv": [7.375, 8.125, 7.5, 9.25], "texture": "#0"},
        "south": {"uv": [7.375, 8.125, 7.5, 9.25], "texture": "#0"},
        "west": {"uv": [7.375, 8.125, 7.5, 9.25], "texture": "#0"},
        "up": {"uv": [7.375, 8.125, 7.5, 8.25], "texture": "#0"},
        "down": {"uv": [7.375, 9.125, 7.5, 9.25], "texture": "#0"}
      }
    },
    {
      "name": "dark_blade_21",
      "from": [8.325, 5.15, 8.1],
      "to": [8.45, 6.275, 8.425],
      "faces": {
        "north": {"uv": [8.25, 8.125, 8.125, 9.25], "texture": "#0"},
        "east": {"uv": [8.125, 8.125, 8.25, 9.25], "texture": "#0"},
        "south": {"uv": [8.125, 8.125, 8.25, 9.25], "texture": "#0"},
        "west": {"uv": [8.125, 8.125, 8.25, 9.25], "texture": "#0"},
        "up": {"uv": [8.125, 8.125, 8.25, 8.25], "texture": "#0"},
        "down": {"uv": [8.125, 9.125, 8.25, 9.25], "texture": "#0"}
      }
    },
    {
      "name": "dark_blade_22",
      "from": [8.575, 5.9, 8.1],
      "to": [8.7, 6.275, 8.425],
      "faces": {
        "north": {"uv": [8.5, 8.125, 8.375, 8.5], "texture": "#0"},
        "east": {"uv": [8.375, 8.125, 8.5, 8.5], "texture": "#0"},
        "south": {"uv": [8.375, 8.125, 8.5, 8.5], "texture": "#0"},
        "west": {"uv": [8.375, 8.125, 8.5, 8.5], "texture": "#0"},
        "up": {"uv": [8.375, 8.125, 8.5, 8.25], "texture": "#0"},
        "down": {"uv": [8.375, 8.375, 8.5, 8.5], "texture": "#0"}
      }
    },
    {
      "name": "dark_blade_23",
      "from": [7.7, 5.525, 8.1],
      "to": [7.825, 6.15, 8.425],
      "faces": {
        "north": {"uv": [7.625, 8.25, 7.5, 8.875], "texture": "#0"},
        "east": {"uv": [7.5, 8.25, 7.625, 8.875], "texture": "#0"},
        "south": {"uv": [7.5, 8.25, 7.625, 8.875], "texture": "#0"},
        "west": {"uv": [7.5, 8.25, 7.625, 8.875], "texture": "#0"},
        "up": {"uv": [7.5, 8.25, 7.625, 8.375], "texture": "#0"},
        "down": {"uv": [7.5, 8.75, 7.625, 8.875], "texture": "#0"}
      }
    },
    {
      "name": "dark_blade_24",
      "from": [8.2, 5.525, 8.1],
      "to": [8.325, 6.15, 8.425],
      "faces": {
        "north": {"uv": [8.125, 8.25, 8, 8.875], "texture": "#0"},
        "east": {"uv": [8, 8.25, 8.125, 8.875], "texture": "#0"},
        "south": {"uv": [8, 8.25, 8.125, 8.875], "texture": "#0"},
        "west": {"uv": [8, 8.25, 8.125, 8.875], "texture": "#0"},
        "up": {"uv": [8, 8.25, 8.125, 8.375], "texture": "#0"},
        "down": {"uv": [8, 8.75, 8.125, 8.875], "texture": "#0"}
      }
    },
    {
      "name": "dark_blade_25",
      "from": [7.825, 4.525, 8],
      "to": [7.95, 6.275, 8.525],
      "faces": {
        "north": {"uv": [5.25, 8.375, 5.125, 10.125], "texture": "#0"},
        "east": {"uv": [5.125, 8.375, 5.25, 10.125], "texture": "#0"},
        "south": {"uv": [5.125, 8.375, 5.25, 10.125], "texture": "#0"},
        "west": {"uv": [5.125, 8.375, 5.25, 10.125], "texture": "#0"},
        "up": {"uv": [5.125, 8.375, 5.25, 8.5], "texture": "#0"},
        "down": {"uv": [5.125, 10, 5.25, 10.125], "texture": "#0"}
      }
    },
    {
      "name": "dark_blade_26",
      "from": [8.075, 4.525, 8],
      "to": [8.2, 6.275, 8.525],
      "faces": {
        "north": {"uv": [5.5, 8.375, 5.375, 10.125], "texture": "#0"},
        "east": {"uv": [5.375, 8.375, 5.5, 10.125], "texture": "#0"},
        "south": {"uv": [5.375, 8.375, 5.5, 10.125], "texture": "#0"},
        "west": {"uv": [5.375, 8.375, 5.5, 10.125], "texture": "#0"},
        "up": {"uv": [5.375, 8.375, 5.5, 8.5], "texture": "#0"},
        "down": {"uv": [5.375, 10, 5.5, 10.125], "texture": "#0"}
      }
    },
    {
      "name": "dark_blade_27",
      "from": [7.7, 4.525, 8],
      "to": [7.825, 5.525, 8.525],
      "faces": {
        "north": {"uv": [5.125, 9.125, 5, 10.125], "texture": "#0"},
        "east": {"uv": [5, 9.125, 5.125, 10.125], "texture": "#0"},
        "south": {"uv": [5, 9.125, 5.125, 10.125], "texture": "#0"},
        "west": {"uv": [5, 9.125, 5.125, 10.125], "texture": "#0"},
        "up": {"uv": [5, 9.125, 5.125, 9.25], "texture": "#0"},
        "down": {"uv": [5, 10, 5.125, 10.125], "texture": "#0"}
      }
    },
    {
      "name": "dark_blade_28",
      "from": [8.2, 4.525, 8],
      "to": [8.325, 5.525, 8.525],
      "faces": {
        "north": {"uv": [5.625, 9.125, 5.5, 10.125], "texture": "#0"},
        "east": {"uv": [5.5, 9.125, 5.625, 10.125], "texture": "#0"},
        "south": {"uv": [5.5, 9.125, 5.625, 10.125], "texture": "#0"},
        "west": {"uv": [5.5, 9.125, 5.625, 10.125], "texture": "#0"},
        "up": {"uv": [5.5, 9.125, 5.625, 9.25], "texture": "#0"},
        "down": {"uv": [5.5, 10, 5.625, 10.125], "texture": "#0"}
      }
    },
    {
      "name": "dark_blade_29",
      "from": [7.325, 5.025, 8.1],
      "to": [7.45, 5.275, 8.425],
      "faces": {
        "north": {"uv": [7.25, 9.125, 7.125, 9.375], "texture": "#0"},
        "east": {"uv": [7.125, 9.125, 7.25, 9.375], "texture": "#0"},
        "south": {"uv": [7.125, 9.125, 7.25, 9.375], "texture": "#0"},
        "west": {"uv": [7.125, 9.125, 7.25, 9.375], "texture": "#0"},
        "up": {"uv": [7.125, 9.125, 7.25, 9.25], "texture": "#0"},
        "down": {"uv": [7.125, 9.25, 7.25, 9.375], "texture": "#0"}
      }
    },
    {
      "name": "dark_blade_30",
      "from": [8.575, 5.025, 8.1],
      "to": [8.7, 5.275, 8.425],
      "faces": {
        "north": {"uv": [8.5, 9.125, 8.375, 9.375], "texture": "#0"},
        "east": {"uv": [8.375, 9.125, 8.5, 9.375], "texture": "#0"},
        "south": {"uv": [8.375, 9.125, 8.5, 9.375], "texture": "#0"},
        "west": {"uv": [8.375, 9.125, 8.5, 9.375], "texture": "#0"},
        "up": {"uv": [8.375, 9.125, 8.5, 9.25], "texture": "#0"},
        "down": {"uv": [8.375, 9.25, 8.5, 9.375], "texture": "#0"}
      }
    },
    {
      "name": "dark_blade_31",
      "from": [6.7, 4.9, 8.05],
      "to": [6.95, 5.4, 8.475],
      "faces": {
        "north": {"uv": [4.25, 9.25, 4, 9.75], "texture": "#0"},
        "east": {"uv": [4.125, 9.25, 4.25, 9.75], "texture": "#0"},
        "south": {"uv": [4, 9.25, 4.25, 9.75], "texture": "#0"},
        "west": {"uv": [4, 9.25, 4.125, 9.75], "texture": "#0"},
        "up": {"uv": [4, 9.25, 4.25, 9.375], "texture": "#0"},
        "down": {"uv": [4, 9.625, 4.25, 9.75], "texture": "#0"}
      }
    },
    {
      "name": "dark_blade_32",
      "from": [9.075, 4.9, 8.05],
      "to": [9.325, 5.4, 8.475],
      "faces": {
        "north": {"uv": [6.625, 9.25, 6.375, 9.75], "texture": "#0"},
        "east": {"uv": [6.5, 9.25, 6.625, 9.75], "texture": "#0"},
        "south": {"uv": [6.375, 9.25, 6.625, 9.75], "texture": "#0"},
        "west": {"uv": [6.375, 9.25, 6.5, 9.75], "texture": "#0"},
        "up": {"uv": [6.375, 9.25, 6.625, 9.375], "texture": "#0"},
        "down": {"uv": [6.375, 9.625, 6.625, 9.75], "texture": "#0"}
      }
    },
    {
      "name": "dark_blade_33",
      "from": [6.575, 4.9, 8.05],
      "to": [6.7, 5.275, 8.475],
      "faces": {
        "north": {"uv": [4, 9.375, 3.875, 9.75], "texture": "#0"},
        "east": {"uv": [3.875, 9.375, 4, 9.75], "texture": "#0"},
        "south": {"uv": [3.875, 9.375, 4, 9.75], "texture": "#0"},
        "west": {"uv": [3.875, 9.375, 4, 9.75], "texture": "#0"},
        "up": {"uv": [3.875, 9.375, 4, 9.5], "texture": "#0"},
        "down": {"uv": [3.875, 9.625, 4, 9.75], "texture": "#0"}
      }
    },
    {
      "name": "dark_blade_34",
      "from": [9.325, 4.9, 8.05],
      "to": [9.45, 5.275, 8.475],
      "faces": {
        "north": {"uv": [6.75, 9.375, 6.625, 9.75], "texture": "#0"},
        "east": {"uv": [6.625, 9.375, 6.75, 9.75], "texture": "#0"},
        "south": {"uv": [6.625, 9.375, 6.75, 9.75], "texture": "#0"},
        "west": {"uv": [6.625, 9.375, 6.75, 9.75], "texture": "#0"},
        "up": {"uv": [6.625, 9.375, 6.75, 9.5], "texture": "#0"},
        "down": {"uv": [6.625, 9.625, 6.75, 9.75], "texture": "#0"}
      }
    },
    {
      "name": "dark_blade_35",
      "from": [6.95, 4.775, 8.05],
      "to": [7.2, 5.15, 8.475],
      "faces": {
        "north": {"uv": [4.5, 9.5, 4.25, 9.875], "texture": "#0"},
        "east": {"uv": [4.375, 9.5, 4.5, 9.875], "texture": "#0"},
        "south": {"uv": [4.25, 9.5, 4.5, 9.875], "texture": "#0"},
        "west": {"uv": [4.25, 9.5, 4.375, 9.875], "texture": "#0"},
        "up": {"uv": [4.25, 9.5, 4.5, 9.625], "texture": "#0"},
        "down": {"uv": [4.25, 9.75, 4.5, 9.875], "texture": "#0"}
      }
    },
    {
      "name": "dark_blade_36",
      "from": [7.575, 4.525, 8],
      "to": [7.7, 5.15, 8.525],
      "faces": {
        "north": {"uv": [5, 9.5, 4.875, 10.125], "texture": "#0"},
        "east": {"uv": [4.875, 9.5, 5, 10.125], "texture": "#0"},
        "south": {"uv": [4.875, 9.5, 5, 10.125], "texture": "#0"},
        "west": {"uv": [4.875, 9.5, 5, 10.125], "texture": "#0"},
        "up": {"uv": [4.875, 9.5, 5, 9.625], "texture": "#0"},
        "down": {"uv": [4.875, 10, 5, 10.125], "texture": "#0"}
      }
    },
    {
      "name": "dark_blade_37",
      "from": [8.325, 4.525, 8],
      "to": [8.45, 5.15, 8.525],
      "faces": {
        "north": {"uv": [5.75, 9.5, 5.625, 10.125], "texture": "#0"},
        "east": {"uv": [5.625, 9.5, 5.75, 10.125], "texture": "#0"},
        "south": {"uv": [5.625, 9.5, 5.75, 10.125], "texture": "#0"},
        "west": {"uv": [5.625, 9.5, 5.75, 10.125], "texture": "#0"},
        "up": {"uv": [5.625, 9.5, 5.75, 9.625], "texture": "#0"},
        "down": {"uv": [5.625, 10, 5.75, 10.125], "texture": "#0"}
      }
    },
    {
      "name": "dark_blade_38",
      "from": [8.825, 4.775, 8.05],
      "to": [9.075, 5.15, 8.475],
      "faces": {
        "north": {"uv": [6.375, 9.5, 6.125, 9.875], "texture": "#0"},
        "east": {"uv": [6.25, 9.5, 6.375, 9.875], "texture": "#0"},
        "south": {"uv": [6.125, 9.5, 6.375, 9.875], "texture": "#0"},
        "west": {"uv": [6.125, 9.5, 6.25, 9.875], "texture": "#0"},
        "up": {"uv": [6.125, 9.5, 6.375, 9.625], "texture": "#0"},
        "down": {"uv": [6.125, 9.75, 6.375, 9.875], "texture": "#0"}
      }
    },
    {
      "name": "dark_blade_39",
      "from": [7.2, 4.65, 8.05],
      "to": [7.575, 5.025, 8.475],
      "faces": {
        "north": {"uv": [4.875, 9.625, 4.5, 10], "texture": "#0"},
        "east": {"uv": [4.75, 9.625, 4.875, 10], "texture": "#0"},
        "south": {"uv": [4.5, 9.625, 4.875, 10], "texture": "#0"},
        "west": {"uv": [4.5, 9.625, 4.625, 10], "texture": "#0"},
        "up": {"uv": [4.5, 9.625, 4.875, 9.75], "texture": "#0"},
        "down": {"uv": [4.5, 9.875, 4.875, 10], "texture": "#0"}
      }
    },
    {
      "name": "dark_blade_40",
      "from": [8.45, 4.65, 8.05],
      "to": [8.825, 5.025, 8.475],
      "faces": {
        "north": {"uv": [6.125, 9.625, 5.75, 10], "texture": "#0"},
        "east": {"uv": [6, 9.625, 6.125, 10], "texture": "#0"},
        "south": {"uv": [5.75, 9.625, 6.125, 10], "texture": "#0"},
        "west": {"uv": [5.75, 9.625, 5.875, 10], "texture": "#0"},
        "up": {"uv": [5.75, 9.625, 6.125, 9.75], "texture": "#0"},
        "down": {"uv": [5.75, 9.875, 6.125, 10], "texture": "#0"}
      }
    },
    {
      "name": "dark_blade_41",
      "from": [7.075, 4.65, 8.05],
      "to": [7.2, 4.775, 8.475],
      "faces": {
        "north": {"uv": [4.5, 9.875, 4.375, 10], "texture": "#0"},
        "east": {"uv": [4.375, 9.875, 4.5, 10], "texture": "#0"},
        "south": {"uv": [4.375, 9.875, 4.5, 10], "texture": "#0"},
        "west": {"uv": [4.375, 9.875, 4.5, 10], "texture": "#0"},
        "up": {"uv": [4.375, 9.875, 4.5, 10], "texture": "#0"},
        "down": {"uv": [4.375, 9.875, 4.5, 10], "texture": "#0"}
      }
    },
    {
      "name": "dark_blade_42",
      "from": [8.825, 4.65, 8.05],
      "to": [8.95, 4.775, 8.475],
      "faces": {
        "north": {"uv": [6.25, 9.875, 6.125, 10], "texture": "#0"},
        "east": {"uv": [6.125, 9.875, 6.25, 10], "texture": "#0"},
        "south": {"uv": [6.125, 9.875, 6.25, 10], "texture": "#0"},
        "west": {"uv": [6.125, 9.875, 6.25, 10], "texture": "#0"},
        "up": {"uv": [6.125, 9.875, 6.25, 10], "texture": "#0"},
        "down": {"uv": [6.125, 9.875, 6.25, 10], "texture": "#0"}
      }
    },
    {
      "name": "dark_blade_43",
      "from": [7.7, 4.4, 8.05],
      "to": [8.325, 4.525, 8.475],
      "faces": {
        "north": {"uv": [9.875, 9.875, 9.25, 10], "texture": "#0"},
        "east": {"uv": [9.75, 9.875, 9.875, 10], "texture": "#0"},
        "south": {"uv": [9.25, 9.875, 9.875, 10], "texture": "#0"},
        "west": {"uv": [9.25, 9.875, 9.375, 10], "texture": "#0"},
        "up": {"uv": [9.25, 9.875, 9.875, 10], "texture": "#0"},
        "down": {"uv": [9.25, 9.875, 9.875, 10], "texture": "#0"}
      }
    },
    {
      "name": "dark_blade_44",
      "from": [7.325, 4.525, 8.05],
      "to": [7.575, 4.65, 8.475],
      "faces": {
        "north": {"uv": [4.875, 10, 4.625, 10.125], "texture": "#0"},
        "east": {"uv": [4.75, 10, 4.875, 10.125], "texture": "#0"},
        "south": {"uv": [4.625, 10, 4.875, 10.125], "texture": "#0"},
        "west": {"uv": [4.625, 10, 4.75, 10.125], "texture": "#0"},
        "up": {"uv": [4.625, 10, 4.875, 10.125], "texture": "#0"},
        "down": {"uv": [4.625, 10, 4.875, 10.125], "texture": "#0"}
      }
    },
    {
      "name": "dark_blade_45",
      "from": [8.45, 4.525, 8.05],
      "to": [8.7, 4.65, 8.475],
      "faces": {
        "north": {"uv": [6, 10, 5.75, 10.125], "texture": "#0"},
        "east": {"uv": [5.875, 10, 6, 10.125], "texture": "#0"},
        "south": {"uv": [5.75, 10, 6, 10.125], "texture": "#0"},
        "west": {"uv": [5.75, 10, 5.875, 10.125], "texture": "#0"},
        "up": {"uv": [5.75, 10, 6, 10.125], "texture": "#0"},
        "down": {"uv": [5.75, 10, 6, 10.125], "texture": "#0"}
      }
    },
    {
      "name": "dark_blade_46",
      "from": [7.575, 4.275, 8],
      "to": [8.45, 4.4, 8.525],
      "faces": {
        "north": {"uv": [10, 10.25, 9.125, 10.375], "texture": "#0"},
        "east": {"uv": [9.875, 10.25, 10, 10.375], "texture": "#0"},
        "south": {"uv": [9.125, 10.25, 10, 10.375], "texture": "#0"},
        "west": {"uv": [9.125, 10.25, 9.25, 10.375], "texture": "#0"},
        "up": {"uv": [9.125, 10.25, 10, 10.375], "texture": "#0"},
        "down": {"uv": [9.125, 10.25, 10, 10.375], "texture": "#0"}
      }
    },
    {
      "name": "dark_blade_47",
      "from": [7.45, 4.15, 7.9],
      "to": [8.575, 4.275, 8.625],
      "faces": {
        "north": {"uv": [10.125, 10.625, 9, 10.75], "texture": "#0"},
        "east": {"uv": [10, 10.625, 10.125, 10.75], "texture": "#0"},
        "south": {"uv": [9, 10.625, 10.125, 10.75], "texture": "#0"},
        "west": {"uv": [9, 10.625, 9.125, 10.75], "texture": "#0"},
        "up": {"uv": [9, 10.625, 10.125, 10.75], "texture": "#0"},
        "down": {"uv": [9, 10.625, 10.125, 10.75], "texture": "#0"}
      }
    },
    {
      "name": "dark_blade_48",
      "from": [7.825, 1.525, 8.1],
      "to": [8.2, 3.65, 8.425],
      "faces": {
        "north": {"uv": [8, 10.75, 7.625, 12.875], "texture": "#0"},
        "east": {"uv": [7.875, 10.75, 8, 12.875], "texture": "#0"},
        "south": {"uv": [7.625, 10.75, 8, 12.875], "texture": "#0"},
        "west": {"uv": [7.625, 10.75, 7.75, 12.875], "texture": "#0"},
        "up": {"uv": [7.625, 10.75, 8, 10.875], "texture": "#0"},
        "down": {"uv": [7.625, 12.75, 8, 12.875], "texture": "#0"}
      }
    },
    {
      "name": "dark_blade_49",
      "from": [7.575, 3.9, 8],
      "to": [8.45, 4.15, 8.525],
      "faces": {
        "north": {"uv": [10, 11, 9.125, 11.25], "texture": "#0"},
        "east": {"uv": [9.875, 11, 10, 11.25], "texture": "#0"},
        "south": {"uv": [9.125, 11, 10, 11.25], "texture": "#0"},
        "west": {"uv": [9.125, 11, 9.25, 11.25], "texture": "#0"},
        "up": {"uv": [9.125, 11, 10, 11.125], "texture": "#0"},
        "down": {"uv": [9.125, 11.125, 10, 11.25], "texture": "#0"}
      }
    },
    {
      "name": "dark_blade_50",
      "from": [7.7, 3.65, 8.05],
      "to": [8.325, 3.9, 8.475],
      "faces": {
        "north": {"uv": [9.875, 11.5, 9.25, 11.75], "texture": "#0"},
        "east": {"uv": [9.75, 11.5, 9.875, 11.75], "texture": "#0"},
        "south": {"uv": [9.25, 11.5, 9.875, 11.75], "texture": "#0"},
        "west": {"uv": [9.25, 11.5, 9.375, 11.75], "texture": "#0"},
        "up": {"uv": [9.25, 11.5, 9.875, 11.625], "texture": "#0"},
        "down": {"uv": [9.25, 11.625, 9.875, 11.75], "texture": "#0"}
      }
    },
    {
      "name": "dark_blade_51",
      "from": [7.7, 1.275, 8],
      "to": [8.325, 1.525, 8.525],
      "faces": {
        "north": {"uv": [8.125, 13.125, 7.5, 13.375], "texture": "#0"},
        "east": {"uv": [8, 13.125, 8.125, 13.375], "texture": "#0"},
        "south": {"uv": [7.5, 13.125, 8.125, 13.375], "texture": "#0"},
        "west": {"uv": [7.5, 13.125, 7.625, 13.375], "texture": "#0"},
        "up": {"uv": [7.5, 13.125, 8.125, 13.25], "texture": "#0"},
        "down": {"uv": [7.5, 13.25, 8.125, 13.375], "texture": "#0"}
      }
    },
    {
      "name": "dark_blade_52",
      "from": [7.575, 1.025, 7.95],
      "to": [8.45, 1.275, 8.575],
      "faces": {
        "north": {"uv": [8.25, 13.625, 7.375, 13.875], "texture": "#0"},
        "east": {"uv": [8.125, 13.625, 8.25, 13.875], "texture": "#0"},
        "south": {"uv": [7.375, 13.625, 8.25, 13.875], "texture": "#0"},
        "west": {"uv": [7.375, 13.625, 7.5, 13.875], "texture": "#0"},
        "up": {"uv": [7.375, 13.625, 8.25, 13.75], "texture": "#0"},
        "down": {"uv": [7.375, 13.75, 8.25, 13.875], "texture": "#0"}
      }
    },
    {
      "name": "dark_blade_53",
      "from": [7.825, 0.9, 8.1],
      "to": [8.2, 1.025, 8.425],
      "faces": {
        "north": {"uv": [8, 14.125, 7.625, 14.25], "texture": "#0"},
        "east": {"uv": [7.875, 14.125, 8, 14.25], "texture": "#0"},
        "south": {"uv": [7.625, 14.125, 8, 14.25], "texture": "#0"},
        "west": {"uv": [7.625, 14.125, 7.75, 14.25], "texture": "#0"},
        "up": {"uv": [7.625, 14.125, 8, 14.25], "texture": "#0"},
        "down": {"uv": [7.625, 14.125, 8, 14.25], "texture": "#0"}
      }
    },
    {
      "name": "dark_blade_54",
      "from": [7.575, 0.775, 8.05],
      "to": [8.45, 0.9, 8.475],
      "faces": {
        "north": {"uv": [8.25, 14.5, 7.375, 14.625], "texture": "#0"},
        "east": {"uv": [8.125, 14.5, 8.25, 14.625], "texture": "#0"},
        "south": {"uv": [7.375, 14.5, 8.25, 14.625], "texture": "#0"},
        "west": {"uv": [7.375, 14.5, 7.5, 14.625], "texture": "#0"},
        "up": {"uv": [7.375, 14.5, 8.25, 14.625], "texture": "#0"},
        "down": {"uv": [7.375, 14.5, 8.25, 14.625], "texture": "#0"}
      }
    },
    {
      "name": "dark_blade_55",
      "from": [7.7, 0.525, 8.05],
      "to": [8.325, 0.775, 8.475],
      "faces": {
        "north": {"uv": [8.125, 14.625, 7.5, 14.875], "texture": "#0"},
        "east": {"uv": [8, 14.625, 8.125, 14.875], "texture": "#0"},
        "south": {"uv": [7.5, 14.625, 8.125, 14.875], "texture": "#0"},
        "west": {"uv": [7.5, 14.625, 7.625, 14.875], "texture": "#0"},
        "up": {"uv": [7.5, 14.625, 8.125, 14.75], "texture": "#0"},
        "down": {"uv": [7.5, 14.75, 8.125, 14.875], "texture": "#0"}
      }
    },
    {
      "name": "dark_blade_56",
      "from": [7.825, 0.275, 8.05],
      "to": [8.2, 0.525, 8.475],
      "faces": {
        "north": {"uv": [8, 14.875, 7.625, 15.125], "texture": "#0"},
        "east": {"uv": [7.875, 14.875, 8, 15.125], "texture": "#0"},
        "south": {"uv": [7.625, 14.875, 8, 15.125], "texture": "#0"},
        "west": {"uv": [7.625, 14.875, 7.75, 15.125], "texture": "#0"},
        "up": {"uv": [7.625, 14.875, 8, 15], "texture": "#0"},
        "down": {"uv": [7.625, 15, 8, 15.125], "texture": "#0"}
      }
    },
    {
      "name": "dark_blade_57",
      "from": [7.95, 0.025, 8.05],
      "to": [8.075, 0.275, 8.475],
      "faces": {
        "north": {"uv": [7.875, 15.125, 7.75, 15.375], "texture": "#0"},
        "east": {"uv": [7.75, 15.125, 7.875, 15.375], "texture": "#0"},
        "south": {"uv": [7.75, 15.125, 7.875, 15.375], "texture": "#0"},
        "west": {"uv": [7.75, 15.125, 7.875, 15.375], "texture": "#0"},
        "up": {"uv": [7.75, 15.125, 7.875, 15.25], "texture": "#0"},
        "down": {"uv": [7.75, 15.25, 7.875, 15.375], "texture": "#0"}
      }
    }
  ],
  "gui_light": "front",
  "display": {
    "thirdperson_righthand": {
      "rotation": [0, -90, 0],
      "translation": [0, 12.5, 1.25],
      "scale": [2.8, 2.8, 2.8]
    },
    "thirdperson_lefthand": {
      "rotation": [0, -90, 0],
      "translation": [0, 12.5, 1.25],
      "scale": [2.8, 2.8, 2.8]
    },
    "firstperson_righthand": {
      "rotation": [-4, -90, -8],
      "translation": [2.5, 8.25, -0.25],
      "scale": [2, 2, 2]
    },
    "firstperson_lefthand": {
      "rotation": [9, 90, -8],
      "translation": [1.75, 8.75, -0.5],
      "scale": [2, 2, 2]
    },
    "ground": {
      "translation": [0, 7.75, 0],
      "scale": [2, 2, 2]
    },
    "gui": {
      "rotation": [0, 0, -42],
      "translation": [2, 2.25, 0],
      "scale": [1.75, 1.75, 1.75]
    },
    "head": {
      "rotation": [0, 0, -132],
      "translation": [3.5, -16.5, 3.5],
      "scale": [3.5, 3.5, 3.5]
    },
    "fixed": {
      "rotation": [-180, 0, 138],
      "translation": [-1.25, 1.75, 0.25],
      "scale": [4, 4, 3]
    }
  },
  "groups": [
    {
      "name": "dark_blade",
      "origin": [8, 8, 8],
      "color": 0,
      "nbt": "{}",
      "children": [
        0,
        1,
        2,
        3,
        4,
        5,
        6,
        7,
        8,
        9,
        10,
        11,
        12,
        13,
        14,
        15,
        16,
        17,
        18,
        19,
        20,
        21,
        22,
        23,
        24,
        25,
        26,
        27,
        28,
        29,
        30,
        31,
        32,
        33,
        34,
        35,
        36,
        37,
        38,
        39,
        40,
        41,
        42,
        43,
        44,
        45,
        46,
        47,
        48,
        49,
        50,
        51,
        52,
        53,
        54,
        55,
        56,
        57
      ]
    }
  ]
}