{
	"parent": "item/handheld",
	"credit": "Made with Blockbench",
	"textures": {
		"0": "item/dragon_slaying_blade",
		"particle": "item/dragon_slaying_blade"
	},
	"elements": [
		{
			"name": "dragon_slaying_blade_0",
			"from": [7.825, 13.25, 7.9],
			"to": [7.95, 14.125, 8.025],
			"faces": {
				"north": {"uv": [7.75, 1.875, 7.625, 2.75], "texture": "#0"},
				"east": {"uv": [7.625, 1.875, 7.75, 2.75], "texture": "#0"},
				"south": {"uv": [7.625, 1.875, 7.75, 2.75], "texture": "#0"},
				"west": {"uv": [7.625, 1.875, 7.75, 2.75], "texture": "#0"},
				"up": {"uv": [7.625, 1.875, 7.75, 2], "texture": "#0"},
				"down": {"uv": [7.625, 2.625, 7.75, 2.75], "texture": "#0"}
			}
		},
		{
			"name": "dragon_slaying_blade_1",
			"from": [7.7, 13, 7.9],
			"to": [7.825, 13.875, 8.025],
			"faces": {
				"north": {"uv": [7.625, 2.125, 7.5, 3], "texture": "#0"},
				"east": {"uv": [7.5, 2.125, 7.625, 3], "texture": "#0"},
				"south": {"uv": [7.5, 2.125, 7.625, 3], "texture": "#0"},
				"west": {"uv": [7.5, 2.125, 7.625, 3], "texture": "#0"},
				"up": {"uv": [7.5, 2.125, 7.625, 2.25], "texture": "#0"},
				"down": {"uv": [7.5, 2.875, 7.625, 3], "texture": "#0"}
			}
		},
		{
			"name": "dragon_slaying_blade_2",
			"from": [7.95, 13, 7.9],
			"to": [8.075, 13.875, 8.025],
			"faces": {
				"north": {"uv": [7.875, 2.125, 7.75, 3], "texture": "#0"},
				"east": {"uv": [7.75, 2.125, 7.875, 3], "texture": "#0"},
				"south": {"uv": [7.75, 2.125, 7.875, 3], "texture": "#0"},
				"west": {"uv": [7.75, 2.125, 7.875, 3], "texture": "#0"},
				"up": {"uv": [7.75, 2.125, 7.875, 2.25], "texture": "#0"},
				"down": {"uv": [7.75, 2.875, 7.875, 3], "texture": "#0"}
			}
		},
		{
			"name": "dragon_slaying_blade_3",
			"from": [7.575, 10.5, 7.9],
			"to": [7.7, 13.625, 8.025],
			"faces": {
				"north": {"uv": [7.5, 2.375, 7.375, 5.5], "texture": "#0"},
				"east": {"uv": [7.375, 2.375, 7.5, 5.5], "texture": "#0"},
				"south": {"uv": [7.375, 2.375, 7.5, 5.5], "texture": "#0"},
				"west": {"uv": [7.375, 2.375, 7.5, 5.5], "texture": "#0"},
				"up": {"uv": [7.375, 2.375, 7.5, 2.5], "texture": "#0"},
				"down": {"uv": [7.375, 5.375, 7.5, 5.5], "texture": "#0"}
			}
		},
		{
			"name": "dragon_slaying_blade_4",
			"from": [8.075, 10.5, 7.9],
			"to": [8.2, 13.625, 8.025],
			"faces": {
				"north": {"uv": [8, 2.375, 7.875, 5.5], "texture": "#0"},
				"east": {"uv": [7.875, 2.375, 8, 5.5], "texture": "#0"},
				"south": {"uv": [7.875, 2.375, 8, 5.5], "texture": "#0"},
				"west": {"uv": [7.875, 2.375, 8, 5.5], "texture": "#0"},
				"up": {"uv": [7.875, 2.375, 8, 2.5], "texture": "#0"},
				"down": {"uv": [7.875, 5.375, 8, 5.5], "texture": "#0"}
			}
		},
		{
			"name": "dragon_slaying_blade_5",
			"from": [7.825, 10.875, 7.85],
			"to": [7.95, 13.25, 8.075],
			"faces": {
				"north": {"uv": [5.25, 2.75, 5.125, 5.125], "texture": "#0"},
				"east": {"uv": [5.125, 2.75, 5.25, 5.125], "texture": "#0"},
				"south": {"uv": [5.125, 2.75, 5.25, 5.125], "texture": "#0"},
				"west": {"uv": [5.125, 2.75, 5.25, 5.125], "texture": "#0"},
				"up": {"uv": [5.125, 2.75, 5.25, 2.875], "texture": "#0"},
				"down": {"uv": [5.125, 5, 5.25, 5.125], "texture": "#0"}
			}
		},
		{
			"name": "dragon_slaying_blade_6",
			"from": [7.45, 12.75, 7.9],
			"to": [7.575, 13.25, 8.025],
			"faces": {
				"north": {"uv": [7.375, 2.75, 7.25, 3.25], "texture": "#0"},
				"east": {"uv": [7.25, 2.75, 7.375, 3.25], "texture": "#0"},
				"south": {"uv": [7.25, 2.75, 7.375, 3.25], "texture": "#0"},
				"west": {"uv": [7.25, 2.75, 7.375, 3.25], "texture": "#0"},
				"up": {"uv": [7.25, 2.75, 7.375, 2.875], "texture": "#0"},
				"down": {"uv": [7.25, 3.125, 7.375, 3.25], "texture": "#0"}
			}
		},
		{
			"name": "dragon_slaying_blade_7",
			"from": [8.2, 12.75, 7.9],
			"to": [8.325, 13.25, 8.025],
			"faces": {
				"north": {"uv": [8.125, 2.75, 8, 3.25], "texture": "#0"},
				"east": {"uv": [8, 2.75, 8.125, 3.25], "texture": "#0"},
				"south": {"uv": [8, 2.75, 8.125, 3.25], "texture": "#0"},
				"west": {"uv": [8, 2.75, 8.125, 3.25], "texture": "#0"},
				"up": {"uv": [8, 2.75, 8.125, 2.875], "texture": "#0"},
				"down": {"uv": [8, 3.125, 8.125, 3.25], "texture": "#0"}
			}
		},
		{
			"name": "dragon_slaying_blade_8",
			"from": [7.7, 10.5, 7.85],
			"to": [7.825, 13, 8.075],
			"faces": {
				"north": {"uv": [5.125, 3, 5, 5.5], "texture": "#0"},
				"east": {"uv": [5, 3, 5.125, 5.5], "texture": "#0"},
				"south": {"uv": [5, 3, 5.125, 5.5], "texture": "#0"},
				"west": {"uv": [5, 3, 5.125, 5.5], "texture": "#0"},
				"up": {"uv": [5, 3, 5.125, 3.125], "texture": "#0"},
				"down": {"uv": [5, 5.375, 5.125, 5.5], "texture": "#0"}
			}
		},
		{
			"name": "dragon_slaying_blade_9",
			"from": [7.95, 10.5, 7.85],
			"to": [8.075, 13, 8.075],
			"faces": {
				"north": {"uv": [5.375, 3, 5.25, 5.5], "texture": "#0"},
				"east": {"uv": [5.25, 3, 5.375, 5.5], "texture": "#0"},
				"south": {"uv": [5.25, 3, 5.375, 5.5], "texture": "#0"},
				"west": {"uv": [5.25, 3, 5.375, 5.5], "texture": "#0"},
				"up": {"uv": [5.25, 3, 5.375, 3.125], "texture": "#0"},
				"down": {"uv": [5.25, 5.375, 5.375, 5.5], "texture": "#0"}
			}
		},
		{
			"name": "dragon_slaying_blade_10",
			"from": [7.325, 12.625, 7.9],
			"to": [7.45, 13, 8.025],
			"faces": {
				"north": {"uv": [7.25, 3, 7.125, 3.375], "texture": "#0"},
				"east": {"uv": [7.125, 3, 7.25, 3.375], "texture": "#0"},
				"south": {"uv": [7.125, 3, 7.25, 3.375], "texture": "#0"},
				"west": {"uv": [7.125, 3, 7.25, 3.375], "texture": "#0"},
				"up": {"uv": [7.125, 3, 7.25, 3.125], "texture": "#0"},
				"down": {"uv": [7.125, 3.25, 7.25, 3.375], "texture": "#0"}
			}
		},
		{
			"name": "dragon_slaying_blade_11",
			"from": [8.325, 12.625, 7.9],
			"to": [8.45, 13, 8.025],
			"faces": {
				"north": {"uv": [8.25, 3, 8.125, 3.375], "texture": "#0"},
				"east": {"uv": [8.125, 3, 8.25, 3.375], "texture": "#0"},
				"south": {"uv": [8.125, 3, 8.25, 3.375], "texture": "#0"},
				"west": {"uv": [8.125, 3, 8.25, 3.375], "texture": "#0"},
				"up": {"uv": [8.125, 3, 8.25, 3.125], "texture": "#0"},
				"down": {"uv": [8.125, 3.25, 8.25, 3.375], "texture": "#0"}
			}
		},
		{
			"name": "dragon_slaying_blade_12",
			"from": [7.45, 10, 7.9],
			"to": [7.575, 12.375, 8.025],
			"faces": {
				"north": {"uv": [7.375, 3.625, 7.25, 6], "texture": "#0"},
				"east": {"uv": [7.25, 3.625, 7.375, 6], "texture": "#0"},
				"south": {"uv": [7.25, 3.625, 7.375, 6], "texture": "#0"},
				"west": {"uv": [7.25, 3.625, 7.375, 6], "texture": "#0"},
				"up": {"uv": [7.25, 3.625, 7.375, 3.75], "texture": "#0"},
				"down": {"uv": [7.25, 5.875, 7.375, 6], "texture": "#0"}
			}
		},
		{
			"name": "dragon_slaying_blade_13",
			"from": [8.2, 10, 7.9],
			"to": [8.325, 12.375, 8.025],
			"faces": {
				"north": {"uv": [8.125, 3.625, 8, 6], "texture": "#0"},
				"east": {"uv": [8, 3.625, 8.125, 6], "texture": "#0"},
				"south": {"uv": [8, 3.625, 8.125, 6], "texture": "#0"},
				"west": {"uv": [8, 3.625, 8.125, 6], "texture": "#0"},
				"up": {"uv": [8, 3.625, 8.125, 3.75], "texture": "#0"},
				"down": {"uv": [8, 5.875, 8.125, 6], "texture": "#0"}
			}
		},
		{
			"name": "dragon_slaying_blade_14",
			"from": [7.825, 10, 7.8],
			"to": [7.95, 10.875, 8.125],
			"faces": {
				"north": {"uv": [6.5, 4.875, 6.375, 5.75], "texture": "#0"},
				"east": {"uv": [6.375, 4.875, 6.5, 5.75], "texture": "#0"},
				"south": {"uv": [6.375, 4.875, 6.5, 5.75], "texture": "#0"},
				"west": {"uv": [6.375, 4.875, 6.5, 5.75], "texture": "#0"},
				"up": {"uv": [6.375, 4.875, 6.5, 5], "texture": "#0"},
				"down": {"uv": [6.375, 5.625, 6.5, 5.75], "texture": "#0"}
			}
		},
		{
			"name": "dragon_slaying_blade_15",
			"from": [7.7, 9.875, 7.8],
			"to": [7.825, 10.5, 8.125],
			"faces": {
				"north": {"uv": [6.375, 5.25, 6.25, 5.875], "texture": "#0"},
				"east": {"uv": [6.25, 5.25, 6.375, 5.875], "texture": "#0"},
				"south": {"uv": [6.25, 5.25, 6.375, 5.875], "texture": "#0"},
				"west": {"uv": [6.25, 5.25, 6.375, 5.875], "texture": "#0"},
				"up": {"uv": [6.25, 5.25, 6.375, 5.375], "texture": "#0"},
				"down": {"uv": [6.25, 5.75, 6.375, 5.875], "texture": "#0"}
			}
		},
		{
			"name": "dragon_slaying_blade_16",
			"from": [7.95, 9.875, 7.8],
			"to": [8.075, 10.5, 8.125],
			"faces": {
				"north": {"uv": [6.625, 5.25, 6.5, 5.875], "texture": "#0"},
				"east": {"uv": [6.5, 5.25, 6.625, 5.875], "texture": "#0"},
				"south": {"uv": [6.5, 5.25, 6.625, 5.875], "texture": "#0"},
				"west": {"uv": [6.5, 5.25, 6.625, 5.875], "texture": "#0"},
				"up": {"uv": [6.5, 5.25, 6.625, 5.375], "texture": "#0"},
				"down": {"uv": [6.5, 5.75, 6.625, 5.875], "texture": "#0"}
			}
		},
		{
			"name": "dragon_slaying_blade_17",
			"from": [7.575, 10, 7.85],
			"to": [7.7, 10.5, 8.075],
			"faces": {
				"north": {"uv": [5, 5.5, 4.875, 6], "texture": "#0"},
				"east": {"uv": [4.875, 5.5, 5, 6], "texture": "#0"},
				"south": {"uv": [4.875, 5.5, 5, 6], "texture": "#0"},
				"west": {"uv": [4.875, 5.5, 5, 6], "texture": "#0"},
				"up": {"uv": [4.875, 5.5, 5, 5.625], "texture": "#0"},
				"down": {"uv": [4.875, 5.875, 5, 6], "texture": "#0"}
			}
		},
		{
			"name": "dragon_slaying_blade_18",
			"from": [8.075, 10, 7.85],
			"to": [8.2, 10.5, 8.075],
			"faces": {
				"north": {"uv": [5.5, 5.5, 5.375, 6], "texture": "#0"},
				"east": {"uv": [5.375, 5.5, 5.5, 6], "texture": "#0"},
				"south": {"uv": [5.375, 5.5, 5.5, 6], "texture": "#0"},
				"west": {"uv": [5.375, 5.5, 5.5, 6], "texture": "#0"},
				"up": {"uv": [5.375, 5.5, 5.5, 5.625], "texture": "#0"},
				"down": {"uv": [5.375, 5.875, 5.5, 6], "texture": "#0"}
			}
		},
		{
			"name": "dragon_slaying_blade_19",
			"from": [7.575, 9.625, 7.8],
			"to": [7.7, 10, 8.125],
			"faces": {
				"north": {"uv": [6.25, 5.75, 6.125, 6.125], "texture": "#0"},
				"east": {"uv": [6.125, 5.75, 6.25, 6.125], "texture": "#0"},
				"south": {"uv": [6.125, 5.75, 6.25, 6.125], "texture": "#0"},
				"west": {"uv": [6.125, 5.75, 6.25, 6.125], "texture": "#0"},
				"up": {"uv": [6.125, 5.75, 6.25, 5.875], "texture": "#0"},
				"down": {"uv": [6.125, 6, 6.25, 6.125], "texture": "#0"}
			}
		},
		{
			"name": "dragon_slaying_blade_20",
			"from": [8.075, 9.625, 7.8],
			"to": [8.2, 10, 8.125],
			"faces": {
				"north": {"uv": [6.75, 5.75, 6.625, 6.125], "texture": "#0"},
				"east": {"uv": [6.625, 5.75, 6.75, 6.125], "texture": "#0"},
				"south": {"uv": [6.625, 5.75, 6.75, 6.125], "texture": "#0"},
				"west": {"uv": [6.625, 5.75, 6.75, 6.125], "texture": "#0"},
				"up": {"uv": [6.625, 5.75, 6.75, 5.875], "texture": "#0"},
				"down": {"uv": [6.625, 6, 6.75, 6.125], "texture": "#0"}
			}
		},
		{
			"name": "dragon_slaying_blade_21",
			"from": [7.325, 9.5, 7.9],
			"to": [7.45, 10.125, 8.025],
			"faces": {
				"north": {"uv": [7.25, 5.875, 7.125, 6.5], "texture": "#0"},
				"east": {"uv": [7.125, 5.875, 7.25, 6.5], "texture": "#0"},
				"south": {"uv": [7.125, 5.875, 7.25, 6.5], "texture": "#0"},
				"west": {"uv": [7.125, 5.875, 7.25, 6.5], "texture": "#0"},
				"up": {"uv": [7.125, 5.875, 7.25, 6], "texture": "#0"},
				"down": {"uv": [7.125, 6.375, 7.25, 6.5], "texture": "#0"}
			}
		},
		{
			"name": "dragon_slaying_blade_22",
			"from": [8.325, 9.5, 7.9],
			"to": [8.45, 10.125, 8.025],
			"faces": {
				"north": {"uv": [8.25, 5.875, 8.125, 6.5], "texture": "#0"},
				"east": {"uv": [8.125, 5.875, 8.25, 6.5], "texture": "#0"},
				"south": {"uv": [8.125, 5.875, 8.25, 6.5], "texture": "#0"},
				"west": {"uv": [8.125, 5.875, 8.25, 6.5], "texture": "#0"},
				"up": {"uv": [8.125, 5.875, 8.25, 6], "texture": "#0"},
				"down": {"uv": [8.125, 6.375, 8.25, 6.5], "texture": "#0"}
			}
		},
		{
			"name": "dragon_slaying_blade_23",
			"from": [7.45, 9.625, 7.85],
			"to": [7.575, 10, 8.075],
			"faces": {
				"north": {"uv": [4.875, 6, 4.75, 6.375], "texture": "#0"},
				"east": {"uv": [4.75, 6, 4.875, 6.375], "texture": "#0"},
				"south": {"uv": [4.75, 6, 4.875, 6.375], "texture": "#0"},
				"west": {"uv": [4.75, 6, 4.875, 6.375], "texture": "#0"},
				"up": {"uv": [4.75, 6, 4.875, 6.125], "texture": "#0"},
				"down": {"uv": [4.75, 6.25, 4.875, 6.375], "texture": "#0"}
			}
		},
		{
			"name": "dragon_slaying_blade_24",
			"from": [8.2, 9.625, 7.85],
			"to": [8.325, 10, 8.075],
			"faces": {
				"north": {"uv": [5.625, 6, 5.5, 6.375], "texture": "#0"},
				"east": {"uv": [5.5, 6, 5.625, 6.375], "texture": "#0"},
				"south": {"uv": [5.5, 6, 5.625, 6.375], "texture": "#0"},
				"west": {"uv": [5.5, 6, 5.625, 6.375], "texture": "#0"},
				"up": {"uv": [5.5, 6, 5.625, 6.125], "texture": "#0"},
				"down": {"uv": [5.5, 6.25, 5.625, 6.375], "texture": "#0"}
			}
		},
		{
			"name": "dragon_slaying_blade_25",
			"from": [7.7, 8, 7.8],
			"to": [7.825, 9.75, 8.125],
			"faces": {
				"north": {"uv": [6.375, 6, 6.25, 7.75], "texture": "#0"},
				"east": {"uv": [6.25, 6, 6.375, 7.75], "texture": "#0"},
				"south": {"uv": [6.25, 6, 6.375, 7.75], "texture": "#0"},
				"west": {"uv": [6.25, 6, 6.375, 7.75], "texture": "#0"},
				"up": {"uv": [6.25, 6, 6.375, 6.125], "texture": "#0"},
				"down": {"uv": [6.25, 7.625, 6.375, 7.75], "texture": "#0"}
			}
		},
		{
			"name": "dragon_slaying_blade_26",
			"from": [7.95, 8, 7.8],
			"to": [8.075, 9.75, 8.125],
			"faces": {
				"north": {"uv": [6.625, 6, 6.5, 7.75], "texture": "#0"},
				"east": {"uv": [6.5, 6, 6.625, 7.75], "texture": "#0"},
				"south": {"uv": [6.5, 6, 6.625, 7.75], "texture": "#0"},
				"west": {"uv": [6.5, 6, 6.625, 7.75], "texture": "#0"},
				"up": {"uv": [6.5, 6, 6.625, 6.125], "texture": "#0"},
				"down": {"uv": [6.5, 7.625, 6.625, 7.75], "texture": "#0"}
			}
		},
		{
			"name": "dragon_slaying_blade_27",
			"from": [7.825, 8.125, 7.8],
			"to": [7.95, 9.625, 8.125],
			"faces": {
				"north": {"uv": [6.5, 6.125, 6.375, 7.625], "texture": "#0"},
				"east": {"uv": [6.375, 6.125, 6.5, 7.625], "texture": "#0"},
				"south": {"uv": [6.375, 6.125, 6.5, 7.625], "texture": "#0"},
				"west": {"uv": [6.375, 6.125, 6.5, 7.625], "texture": "#0"},
				"up": {"uv": [6.375, 6.125, 6.5, 6.25], "texture": "#0"},
				"down": {"uv": [6.375, 7.5, 6.5, 7.625], "texture": "#0"}
			}
		},
		{
			"name": "dragon_slaying_blade_28",
			"from": [7.2, 9.75, 7.9],
			"to": [7.325, 9.875, 8.025],
			"faces": {
				"north": {"uv": [7.125, 6.125, 7, 6.25], "texture": "#0"},
				"east": {"uv": [7, 6.125, 7.125, 6.25], "texture": "#0"},
				"south": {"uv": [7, 6.125, 7.125, 6.25], "texture": "#0"},
				"west": {"uv": [7, 6.125, 7.125, 6.25], "texture": "#0"},
				"up": {"uv": [7, 6.125, 7.125, 6.25], "texture": "#0"},
				"down": {"uv": [7, 6.125, 7.125, 6.25], "texture": "#0"}
			}
		},
		{
			"name": "dragon_slaying_blade_29",
			"from": [8.45, 9.75, 7.9],
			"to": [8.575, 9.875, 8.025],
			"faces": {
				"north": {"uv": [8.375, 6.125, 8.25, 6.25], "texture": "#0"},
				"east": {"uv": [8.25, 6.125, 8.375, 6.25], "texture": "#0"},
				"south": {"uv": [8.25, 6.125, 8.375, 6.25], "texture": "#0"},
				"west": {"uv": [8.25, 6.125, 8.375, 6.25], "texture": "#0"},
				"up": {"uv": [8.25, 6.125, 8.375, 6.25], "texture": "#0"},
				"down": {"uv": [8.25, 6.125, 8.375, 6.25], "texture": "#0"}
			}
		},
		{
			"name": "dragon_slaying_blade_30",
			"from": [7.575, 8.125, 7.85],
			"to": [7.7, 9.625, 8.075],
			"faces": {
				"north": {"uv": [5, 6.375, 4.875, 7.875], "texture": "#0"},
				"east": {"uv": [4.875, 6.375, 5, 7.875], "texture": "#0"},
				"south": {"uv": [4.875, 6.375, 5, 7.875], "texture": "#0"},
				"west": {"uv": [4.875, 6.375, 5, 7.875], "texture": "#0"},
				"up": {"uv": [4.875, 6.375, 5, 6.5], "texture": "#0"},
				"down": {"uv": [4.875, 7.75, 5, 7.875], "texture": "#0"}
			}
		},
		{
			"name": "dragon_slaying_blade_31",
			"from": [8.075, 8.125, 7.85],
			"to": [8.2, 9.625, 8.075],
			"faces": {
				"north": {"uv": [5.5, 6.375, 5.375, 7.875], "texture": "#0"},
				"east": {"uv": [5.375, 6.375, 5.5, 7.875], "texture": "#0"},
				"south": {"uv": [5.375, 6.375, 5.5, 7.875], "texture": "#0"},
				"west": {"uv": [5.375, 6.375, 5.5, 7.875], "texture": "#0"},
				"up": {"uv": [5.375, 6.375, 5.5, 6.5], "texture": "#0"},
				"down": {"uv": [5.375, 7.75, 5.5, 7.875], "texture": "#0"}
			}
		},
		{
			"name": "dragon_slaying_blade_32",
			"from": [7.45, 8.125, 7.9],
			"to": [7.575, 9.625, 8.025],
			"faces": {
				"north": {"uv": [7.375, 6.375, 7.25, 7.875], "texture": "#0"},
				"east": {"uv": [7.25, 6.375, 7.375, 7.875], "texture": "#0"},
				"south": {"uv": [7.25, 6.375, 7.375, 7.875], "texture": "#0"},
				"west": {"uv": [7.25, 6.375, 7.375, 7.875], "texture": "#0"},
				"up": {"uv": [7.25, 6.375, 7.375, 6.5], "texture": "#0"},
				"down": {"uv": [7.25, 7.75, 7.375, 7.875], "texture": "#0"}
			}
		},
		{
			"name": "dragon_slaying_blade_33",
			"from": [8.2, 8.125, 7.9],
			"to": [8.325, 9.625, 8.025],
			"faces": {
				"north": {"uv": [8.125, 6.375, 8, 7.875], "texture": "#0"},
				"east": {"uv": [8, 6.375, 8.125, 7.875], "texture": "#0"},
				"south": {"uv": [8, 6.375, 8.125, 7.875], "texture": "#0"},
				"west": {"uv": [8, 6.375, 8.125, 7.875], "texture": "#0"},
				"up": {"uv": [8, 6.375, 8.125, 6.5], "texture": "#0"},
				"down": {"uv": [8, 7.75, 8.125, 7.875], "texture": "#0"}
			}
		},
		{
			"name": "dragon_slaying_blade_34",
			"from": [7.575, 7.75, 7.8],
			"to": [7.7, 8.125, 8.125],
			"faces": {
				"north": {"uv": [6.25, 7.625, 6.125, 8], "texture": "#0"},
				"east": {"uv": [6.125, 7.625, 6.25, 8], "texture": "#0"},
				"south": {"uv": [6.125, 7.625, 6.25, 8], "texture": "#0"},
				"west": {"uv": [6.125, 7.625, 6.25, 8], "texture": "#0"},
				"up": {"uv": [6.125, 7.625, 6.25, 7.75], "texture": "#0"},
				"down": {"uv": [6.125, 7.875, 6.25, 8], "texture": "#0"}
			}
		},
		{
			"name": "dragon_slaying_blade_35",
			"from": [8.075, 7.75, 7.8],
			"to": [8.2, 8.125, 8.125],
			"faces": {
				"north": {"uv": [6.75, 7.625, 6.625, 8], "texture": "#0"},
				"east": {"uv": [6.625, 7.625, 6.75, 8], "texture": "#0"},
				"south": {"uv": [6.625, 7.625, 6.75, 8], "texture": "#0"},
				"west": {"uv": [6.625, 7.625, 6.75, 8], "texture": "#0"},
				"up": {"uv": [6.625, 7.625, 6.75, 7.75], "texture": "#0"},
				"down": {"uv": [6.625, 7.875, 6.75, 8], "texture": "#0"}
			}
		},
		{
			"name": "dragon_slaying_blade_36",
			"from": [7.325, 7.625, 7.9],
			"to": [7.45, 8.25, 8.025],
			"faces": {
				"north": {"uv": [7.25, 7.75, 7.125, 8.375], "texture": "#0"},
				"east": {"uv": [7.125, 7.75, 7.25, 8.375], "texture": "#0"},
				"south": {"uv": [7.125, 7.75, 7.25, 8.375], "texture": "#0"},
				"west": {"uv": [7.125, 7.75, 7.25, 8.375], "texture": "#0"},
				"up": {"uv": [7.125, 7.75, 7.25, 7.875], "texture": "#0"},
				"down": {"uv": [7.125, 8.25, 7.25, 8.375], "texture": "#0"}
			}
		},
		{
			"name": "dragon_slaying_blade_37",
			"from": [8.325, 7.625, 7.9],
			"to": [8.45, 8.25, 8.025],
			"faces": {
				"north": {"uv": [8.25, 7.75, 8.125, 8.375], "texture": "#0"},
				"east": {"uv": [8.125, 7.75, 8.25, 8.375], "texture": "#0"},
				"south": {"uv": [8.125, 7.75, 8.25, 8.375], "texture": "#0"},
				"west": {"uv": [8.125, 7.75, 8.25, 8.375], "texture": "#0"},
				"up": {"uv": [8.125, 7.75, 8.25, 7.875], "texture": "#0"},
				"down": {"uv": [8.125, 8.25, 8.25, 8.375], "texture": "#0"}
			}
		},
		{
			"name": "dragon_slaying_blade_38",
			"from": [7.45, 7.75, 7.85],
			"to": [7.575, 8.125, 8.075],
			"faces": {
				"north": {"uv": [4.875, 7.875, 4.75, 8.25], "texture": "#0"},
				"east": {"uv": [4.75, 7.875, 4.875, 8.25], "texture": "#0"},
				"south": {"uv": [4.75, 7.875, 4.875, 8.25], "texture": "#0"},
				"west": {"uv": [4.75, 7.875, 4.875, 8.25], "texture": "#0"},
				"up": {"uv": [4.75, 7.875, 4.875, 8], "texture": "#0"},
				"down": {"uv": [4.75, 8.125, 4.875, 8.25], "texture": "#0"}
			}
		},
		{
			"name": "dragon_slaying_blade_39",
			"from": [8.2, 7.625, 7.85],
			"to": [8.325, 8.125, 8.075],
			"faces": {
				"north": {"uv": [5.625, 7.875, 5.5, 8.375], "texture": "#0"},
				"east": {"uv": [5.5, 7.875, 5.625, 8.375], "texture": "#0"},
				"south": {"uv": [5.5, 7.875, 5.625, 8.375], "texture": "#0"},
				"west": {"uv": [5.5, 7.875, 5.625, 8.375], "texture": "#0"},
				"up": {"uv": [5.5, 7.875, 5.625, 8], "texture": "#0"},
				"down": {"uv": [5.5, 8.25, 5.625, 8.375], "texture": "#0"}
			}
		},
		{
			"name": "dragon_slaying_blade_40",
			"from": [7.7, 6.125, 7.8],
			"to": [7.825, 7.875, 8.125],
			"faces": {
				"north": {"uv": [6.375, 7.875, 6.25, 9.625], "texture": "#0"},
				"east": {"uv": [6.25, 7.875, 6.375, 9.625], "texture": "#0"},
				"south": {"uv": [6.25, 7.875, 6.375, 9.625], "texture": "#0"},
				"west": {"uv": [6.25, 7.875, 6.375, 9.625], "texture": "#0"},
				"up": {"uv": [6.25, 7.875, 6.375, 8], "texture": "#0"},
				"down": {"uv": [6.25, 9.5, 6.375, 9.625], "texture": "#0"}
			}
		},
		{
			"name": "dragon_slaying_blade_41",
			"from": [7.95, 6.125, 7.8],
			"to": [8.075, 7.875, 8.125],
			"faces": {
				"north": {"uv": [6.625, 7.875, 6.5, 9.625], "texture": "#0"},
				"east": {"uv": [6.5, 7.875, 6.625, 9.625], "texture": "#0"},
				"south": {"uv": [6.5, 7.875, 6.625, 9.625], "texture": "#0"},
				"west": {"uv": [6.5, 7.875, 6.625, 9.625], "texture": "#0"},
				"up": {"uv": [6.5, 7.875, 6.625, 8], "texture": "#0"},
				"down": {"uv": [6.5, 9.5, 6.625, 9.625], "texture": "#0"}
			}
		},
		{
			"name": "dragon_slaying_blade_42",
			"from": [7.825, 6.125, 7.8],
			"to": [7.95, 7.75, 8.125],
			"faces": {
				"north": {"uv": [6.5, 8, 6.375, 9.625], "texture": "#0"},
				"east": {"uv": [6.375, 8, 6.5, 9.625], "texture": "#0"},
				"south": {"uv": [6.375, 8, 6.5, 9.625], "texture": "#0"},
				"west": {"uv": [6.375, 8, 6.5, 9.625], "texture": "#0"},
				"up": {"uv": [6.375, 8, 6.5, 8.125], "texture": "#0"},
				"down": {"uv": [6.375, 9.5, 6.5, 9.625], "texture": "#0"}
			}
		},
		{
			"name": "dragon_slaying_blade_43",
			"from": [7.2, 7.875, 7.9],
			"to": [7.325, 8, 8.025],
			"faces": {
				"north": {"uv": [7.125, 8, 7, 8.125], "texture": "#0"},
				"east": {"uv": [7, 8, 7.125, 8.125], "texture": "#0"},
				"south": {"uv": [7, 8, 7.125, 8.125], "texture": "#0"},
				"west": {"uv": [7, 8, 7.125, 8.125], "texture": "#0"},
				"up": {"uv": [7, 8, 7.125, 8.125], "texture": "#0"},
				"down": {"uv": [7, 8, 7.125, 8.125], "texture": "#0"}
			}
		},
		{
			"name": "dragon_slaying_blade_44",
			"from": [8.45, 7.875, 7.9],
			"to": [8.575, 8, 8.025],
			"faces": {
				"north": {"uv": [8.375, 8, 8.25, 8.125], "texture": "#0"},
				"east": {"uv": [8.25, 8, 8.375, 8.125], "texture": "#0"},
				"south": {"uv": [8.25, 8, 8.375, 8.125], "texture": "#0"},
				"west": {"uv": [8.25, 8, 8.375, 8.125], "texture": "#0"},
				"up": {"uv": [8.25, 8, 8.375, 8.125], "texture": "#0"},
				"down": {"uv": [8.25, 8, 8.375, 8.125], "texture": "#0"}
			}
		},
		{
			"name": "dragon_slaying_blade_45",
			"from": [7.575, 6.5, 7.85],
			"to": [7.7, 7.75, 8.075],
			"faces": {
				"north": {"uv": [5, 8.25, 4.875, 9.5], "texture": "#0"},
				"east": {"uv": [4.875, 8.25, 5, 9.5], "texture": "#0"},
				"south": {"uv": [4.875, 8.25, 5, 9.5], "texture": "#0"},
				"west": {"uv": [4.875, 8.25, 5, 9.5], "texture": "#0"},
				"up": {"uv": [4.875, 8.25, 5, 8.375], "texture": "#0"},
				"down": {"uv": [4.875, 9.375, 5, 9.5], "texture": "#0"}
			}
		},
		{
			"name": "dragon_slaying_blade_46",
			"from": [8.075, 6.5, 7.85],
			"to": [8.2, 7.75, 8.075],
			"faces": {
				"north": {"uv": [5.5, 8.25, 5.375, 9.5], "texture": "#0"},
				"east": {"uv": [5.375, 8.25, 5.5, 9.5], "texture": "#0"},
				"south": {"uv": [5.375, 8.25, 5.5, 9.5], "texture": "#0"},
				"west": {"uv": [5.375, 8.25, 5.5, 9.5], "texture": "#0"},
				"up": {"uv": [5.375, 8.25, 5.5, 8.375], "texture": "#0"},
				"down": {"uv": [5.375, 9.375, 5.5, 9.5], "texture": "#0"}
			}
		},
		{
			"name": "dragon_slaying_blade_47",
			"from": [7.45, 6.5, 7.9],
			"to": [7.575, 7.75, 8.025],
			"faces": {
				"north": {"uv": [7.375, 8.25, 7.25, 9.5], "texture": "#0"},
				"east": {"uv": [7.25, 8.25, 7.375, 9.5], "texture": "#0"},
				"south": {"uv": [7.25, 8.25, 7.375, 9.5], "texture": "#0"},
				"west": {"uv": [7.25, 8.25, 7.375, 9.5], "texture": "#0"},
				"up": {"uv": [7.25, 8.25, 7.375, 8.375], "texture": "#0"},
				"down": {"uv": [7.25, 9.375, 7.375, 9.5], "texture": "#0"}
			}
		},
		{
			"name": "dragon_slaying_blade_48",
			"from": [8.2, 6.5, 7.9],
			"to": [8.325, 7.625, 8.025],
			"faces": {
				"north": {"uv": [8.125, 8.375, 8, 9.5], "texture": "#0"},
				"east": {"uv": [8, 8.375, 8.125, 9.5], "texture": "#0"},
				"south": {"uv": [8, 8.375, 8.125, 9.5], "texture": "#0"},
				"west": {"uv": [8, 8.375, 8.125, 9.5], "texture": "#0"},
				"up": {"uv": [8, 8.375, 8.125, 8.5], "texture": "#0"},
				"down": {"uv": [8, 9.375, 8.125, 9.5], "texture": "#0"}
			}
		},
		{
			"name": "dragon_slaying_blade_49",
			"from": [7.575, 6, 7.8],
			"to": [7.7, 6.5, 8.125],
			"faces": {
				"north": {"uv": [6.25, 9.25, 6.125, 9.75], "texture": "#0"},
				"east": {"uv": [6.125, 9.25, 6.25, 9.75], "texture": "#0"},
				"south": {"uv": [6.125, 9.25, 6.25, 9.75], "texture": "#0"},
				"west": {"uv": [6.125, 9.25, 6.25, 9.75], "texture": "#0"},
				"up": {"uv": [6.125, 9.25, 6.25, 9.375], "texture": "#0"},
				"down": {"uv": [6.125, 9.625, 6.25, 9.75], "texture": "#0"}
			}
		},
		{
			"name": "dragon_slaying_blade_50",
			"from": [8.075, 6, 7.8],
			"to": [8.2, 6.5, 8.125],
			"faces": {
				"north": {"uv": [6.75, 9.25, 6.625, 9.75], "texture": "#0"},
				"east": {"uv": [6.625, 9.25, 6.75, 9.75], "texture": "#0"},
				"south": {"uv": [6.625, 9.25, 6.75, 9.75], "texture": "#0"},
				"west": {"uv": [6.625, 9.25, 6.75, 9.75], "texture": "#0"},
				"up": {"uv": [6.625, 9.25, 6.75, 9.375], "texture": "#0"},
				"down": {"uv": [6.625, 9.625, 6.75, 9.75], "texture": "#0"}
			}
		},
		{
			"name": "dragon_slaying_blade_51",
			"from": [7.325, 6.125, 7.9],
			"to": [7.45, 6.625, 8.025],
			"faces": {
				"north": {"uv": [7.25, 9.375, 7.125, 9.875], "texture": "#0"},
				"east": {"uv": [7.125, 9.375, 7.25, 9.875], "texture": "#0"},
				"south": {"uv": [7.125, 9.375, 7.25, 9.875], "texture": "#0"},
				"west": {"uv": [7.125, 9.375, 7.25, 9.875], "texture": "#0"},
				"up": {"uv": [7.125, 9.375, 7.25, 9.5], "texture": "#0"},
				"down": {"uv": [7.125, 9.75, 7.25, 9.875], "texture": "#0"}
			}
		},
		{
			"name": "dragon_slaying_blade_52",
			"from": [8.325, 6.125, 7.9],
			"to": [8.45, 6.625, 8.025],
			"faces": {
				"north": {"uv": [8.25, 9.375, 8.125, 9.875], "texture": "#0"},
				"east": {"uv": [8.125, 9.375, 8.25, 9.875], "texture": "#0"},
				"south": {"uv": [8.125, 9.375, 8.25, 9.875], "texture": "#0"},
				"west": {"uv": [8.125, 9.375, 8.25, 9.875], "texture": "#0"},
				"up": {"uv": [8.125, 9.375, 8.25, 9.5], "texture": "#0"},
				"down": {"uv": [8.125, 9.75, 8.25, 9.875], "texture": "#0"}
			}
		},
		{
			"name": "dragon_slaying_blade_53",
			"from": [7.45, 6, 7.85],
			"to": [7.575, 6.5, 8.075],
			"faces": {
				"north": {"uv": [4.875, 9.5, 4.75, 10], "texture": "#0"},
				"east": {"uv": [4.75, 9.5, 4.875, 10], "texture": "#0"},
				"south": {"uv": [4.75, 9.5, 4.875, 10], "texture": "#0"},
				"west": {"uv": [4.75, 9.5, 4.875, 10], "texture": "#0"},
				"up": {"uv": [4.75, 9.5, 4.875, 9.625], "texture": "#0"},
				"down": {"uv": [4.75, 9.875, 4.875, 10], "texture": "#0"}
			}
		},
		{
			"name": "dragon_slaying_blade_54",
			"from": [8.2, 6, 7.85],
			"to": [8.325, 6.5, 8.075],
			"faces": {
				"north": {"uv": [5.625, 9.5, 5.5, 10], "texture": "#0"},
				"east": {"uv": [5.5, 9.5, 5.625, 10], "texture": "#0"},
				"south": {"uv": [5.5, 9.5, 5.625, 10], "texture": "#0"},
				"west": {"uv": [5.5, 9.5, 5.625, 10], "texture": "#0"},
				"up": {"uv": [5.5, 9.5, 5.625, 9.625], "texture": "#0"},
				"down": {"uv": [5.5, 9.875, 5.625, 10], "texture": "#0"}
			}
		},
		{
			"name": "dragon_slaying_blade_55",
			"from": [7.2, 6, 7.9],
			"to": [7.325, 6.25, 8.025],
			"faces": {
				"north": {"uv": [7.125, 9.75, 7, 10], "texture": "#0"},
				"east": {"uv": [7, 9.75, 7.125, 10], "texture": "#0"},
				"south": {"uv": [7, 9.75, 7.125, 10], "texture": "#0"},
				"west": {"uv": [7, 9.75, 7.125, 10], "texture": "#0"},
				"up": {"uv": [7, 9.75, 7.125, 9.875], "texture": "#0"},
				"down": {"uv": [7, 9.875, 7.125, 10], "texture": "#0"}
			}
		},
		{
			"name": "dragon_slaying_blade_56",
			"from": [8.45, 6, 7.9],
			"to": [8.575, 6.25, 8.025],
			"faces": {
				"north": {"uv": [8.375, 9.75, 8.25, 10], "texture": "#0"},
				"east": {"uv": [8.25, 9.75, 8.375, 10], "texture": "#0"},
				"south": {"uv": [8.25, 9.75, 8.375, 10], "texture": "#0"},
				"west": {"uv": [8.25, 9.75, 8.375, 10], "texture": "#0"},
				"up": {"uv": [8.25, 9.75, 8.375, 9.875], "texture": "#0"},
				"down": {"uv": [8.25, 9.875, 8.375, 10], "texture": "#0"}
			}
		},
		{
			"name": "dragon_slaying_blade_57",
			"from": [7.325, 5.875, 7.85],
			"to": [7.45, 6.125, 8.075],
			"faces": {
				"north": {"uv": [4.75, 9.875, 4.625, 10.125], "texture": "#0"},
				"east": {"uv": [4.625, 9.875, 4.75, 10.125], "texture": "#0"},
				"south": {"uv": [4.625, 9.875, 4.75, 10.125], "texture": "#0"},
				"west": {"uv": [4.625, 9.875, 4.75, 10.125], "texture": "#0"},
				"up": {"uv": [4.625, 9.875, 4.75, 10], "texture": "#0"},
				"down": {"uv": [4.625, 10, 4.75, 10.125], "texture": "#0"}
			}
		},
		{
			"name": "dragon_slaying_blade_58",
			"from": [8.325, 5.875, 7.85],
			"to": [8.45, 6.125, 8.075],
			"faces": {
				"north": {"uv": [5.75, 9.875, 5.625, 10.125], "texture": "#0"},
				"east": {"uv": [5.625, 9.875, 5.75, 10.125], "texture": "#0"},
				"south": {"uv": [5.625, 9.875, 5.75, 10.125], "texture": "#0"},
				"west": {"uv": [5.625, 9.875, 5.75, 10.125], "texture": "#0"},
				"up": {"uv": [5.625, 9.875, 5.75, 10], "texture": "#0"},
				"down": {"uv": [5.625, 10, 5.75, 10.125], "texture": "#0"}
			}
		},
		{
			"name": "dragon_slaying_blade_59",
			"from": [6.7, 5.75, 7.9],
			"to": [6.825, 6.125, 8.025],
			"faces": {
				"north": {"uv": [6.625, 9.875, 6.5, 10.25], "texture": "#0"},
				"east": {"uv": [6.5, 9.875, 6.625, 10.25], "texture": "#0"},
				"south": {"uv": [6.5, 9.875, 6.625, 10.25], "texture": "#0"},
				"west": {"uv": [6.5, 9.875, 6.625, 10.25], "texture": "#0"},
				"up": {"uv": [6.5, 9.875, 6.625, 10], "texture": "#0"},
				"down": {"uv": [6.5, 10.125, 6.625, 10.25], "texture": "#0"}
			}
		},
		{
			"name": "dragon_slaying_blade_60",
			"from": [7.075, 5.75, 7.9],
			"to": [7.2, 6.125, 8.025],
			"faces": {
				"north": {"uv": [7, 9.875, 6.875, 10.25], "texture": "#0"},
				"east": {"uv": [6.875, 9.875, 7, 10.25], "texture": "#0"},
				"south": {"uv": [6.875, 9.875, 7, 10.25], "texture": "#0"},
				"west": {"uv": [6.875, 9.875, 7, 10.25], "texture": "#0"},
				"up": {"uv": [6.875, 9.875, 7, 10], "texture": "#0"},
				"down": {"uv": [6.875, 10.125, 7, 10.25], "texture": "#0"}
			}
		},
		{
			"name": "dragon_slaying_blade_61",
			"from": [8.575, 5.75, 7.9],
			"to": [8.7, 6.125, 8.025],
			"faces": {
				"north": {"uv": [8.5, 9.875, 8.375, 10.25], "texture": "#0"},
				"east": {"uv": [8.375, 9.875, 8.5, 10.25], "texture": "#0"},
				"south": {"uv": [8.375, 9.875, 8.5, 10.25], "texture": "#0"},
				"west": {"uv": [8.375, 9.875, 8.5, 10.25], "texture": "#0"},
				"up": {"uv": [8.375, 9.875, 8.5, 10], "texture": "#0"},
				"down": {"uv": [8.375, 10.125, 8.5, 10.25], "texture": "#0"}
			}
		},
		{
			"name": "dragon_slaying_blade_62",
			"from": [8.95, 5.75, 7.9],
			"to": [9.075, 6.125, 8.025],
			"faces": {
				"north": {"uv": [8.875, 9.875, 8.75, 10.25], "texture": "#0"},
				"east": {"uv": [8.75, 9.875, 8.875, 10.25], "texture": "#0"},
				"south": {"uv": [8.75, 9.875, 8.875, 10.25], "texture": "#0"},
				"west": {"uv": [8.75, 9.875, 8.875, 10.25], "texture": "#0"},
				"up": {"uv": [8.75, 9.875, 8.875, 10], "texture": "#0"},
				"down": {"uv": [8.75, 10.125, 8.875, 10.25], "texture": "#0"}
			}
		},
		{
			"name": "dragon_slaying_blade_63",
			"from": [7.7, 5.875, 7.75],
			"to": [8.075, 6.125, 8.175],
			"faces": {
				"north": {"uv": [10.375, 9.875, 10, 10.125], "texture": "#0"},
				"east": {"uv": [10.25, 9.875, 10.375, 10.125], "texture": "#0"},
				"south": {"uv": [10, 9.875, 10.375, 10.125], "texture": "#0"},
				"west": {"uv": [10, 9.875, 10.125, 10.125], "texture": "#0"},
				"up": {"uv": [10, 9.875, 10.375, 10], "texture": "#0"},
				"down": {"uv": [10, 10, 10.375, 10.125], "texture": "#0"}
			}
		},
		{
			"name": "dragon_slaying_blade_64",
			"from": [7.2, 5.625, 7.85],
			"to": [7.325, 6, 8.075],
			"faces": {
				"north": {"uv": [4.625, 10, 4.5, 10.375], "texture": "#0"},
				"east": {"uv": [4.5, 10, 4.625, 10.375], "texture": "#0"},
				"south": {"uv": [4.5, 10, 4.625, 10.375], "texture": "#0"},
				"west": {"uv": [4.5, 10, 4.625, 10.375], "texture": "#0"},
				"up": {"uv": [4.5, 10, 4.625, 10.125], "texture": "#0"},
				"down": {"uv": [4.5, 10.25, 4.625, 10.375], "texture": "#0"}
			}
		},
		{
			"name": "dragon_slaying_blade_65",
			"from": [8.45, 5.625, 7.85],
			"to": [8.575, 6, 8.075],
			"faces": {
				"north": {"uv": [5.875, 10, 5.75, 10.375], "texture": "#0"},
				"east": {"uv": [5.75, 10, 5.875, 10.375], "texture": "#0"},
				"south": {"uv": [5.75, 10, 5.875, 10.375], "texture": "#0"},
				"west": {"uv": [5.75, 10, 5.875, 10.375], "texture": "#0"},
				"up": {"uv": [5.75, 10, 5.875, 10.125], "texture": "#0"},
				"down": {"uv": [5.75, 10.25, 5.875, 10.375], "texture": "#0"}
			}
		},
		{
			"name": "dragon_slaying_blade_66",
			"from": [6.825, 5.625, 7.9],
			"to": [7.075, 6, 8.025],
			"faces": {
				"north": {"uv": [6.875, 10, 6.625, 10.375], "texture": "#0"},
				"east": {"uv": [6.75, 10, 6.875, 10.375], "texture": "#0"},
				"south": {"uv": [6.625, 10, 6.875, 10.375], "texture": "#0"},
				"west": {"uv": [6.625, 10, 6.75, 10.375], "texture": "#0"},
				"up": {"uv": [6.625, 10, 6.875, 10.125], "texture": "#0"},
				"down": {"uv": [6.625, 10.25, 6.875, 10.375], "texture": "#0"}
			}
		},
		{
			"name": "dragon_slaying_blade_67",
			"from": [8.7, 5.625, 7.9],
			"to": [8.95, 6, 8.025],
			"faces": {
				"north": {"uv": [8.75, 10, 8.5, 10.375], "texture": "#0"},
				"east": {"uv": [8.625, 10, 8.75, 10.375], "texture": "#0"},
				"south": {"uv": [8.5, 10, 8.75, 10.375], "texture": "#0"},
				"west": {"uv": [8.5, 10, 8.625, 10.375], "texture": "#0"},
				"up": {"uv": [8.5, 10, 8.75, 10.125], "texture": "#0"},
				"down": {"uv": [8.5, 10.25, 8.75, 10.375], "texture": "#0"}
			}
		},
		{
			"name": "dragon_slaying_blade_68",
			"from": [7.45, 5.75, 7.75],
			"to": [7.7, 6, 8.175],
			"faces": {
				"north": {"uv": [10, 10, 9.75, 10.25], "texture": "#0"},
				"east": {"uv": [9.875, 10, 10, 10.25], "texture": "#0"},
				"south": {"uv": [9.75, 10, 10, 10.25], "texture": "#0"},
				"west": {"uv": [9.75, 10, 9.875, 10.25], "texture": "#0"},
				"up": {"uv": [9.75, 10, 10, 10.125], "texture": "#0"},
				"down": {"uv": [9.75, 10.125, 10, 10.25], "texture": "#0"}
			}
		},
		{
			"name": "dragon_slaying_blade_69",
			"from": [8.075, 5.75, 7.75],
			"to": [8.325, 6, 8.175],
			"faces": {
				"north": {"uv": [10.625, 10, 10.375, 10.25], "texture": "#0"},
				"east": {"uv": [10.5, 10, 10.625, 10.25], "texture": "#0"},
				"south": {"uv": [10.375, 10, 10.625, 10.25], "texture": "#0"},
				"west": {"uv": [10.375, 10, 10.5, 10.25], "texture": "#0"},
				"up": {"uv": [10.375, 10, 10.625, 10.125], "texture": "#0"},
				"down": {"uv": [10.375, 10.125, 10.625, 10.25], "texture": "#0"}
			}
		},
		{
			"name": "dragon_slaying_blade_70",
			"from": [7.7, 5, 7.8],
			"to": [8.075, 5.875, 8.125],
			"faces": {
				"north": {"uv": [7.875, 10.125, 7.5, 11], "texture": "#0"},
				"east": {"uv": [7.75, 10.125, 7.875, 11], "texture": "#0"},
				"south": {"uv": [7.5, 10.125, 7.875, 11], "texture": "#0"},
				"west": {"uv": [7.5, 10.125, 7.625, 11], "texture": "#0"},
				"up": {"uv": [7.5, 10.125, 7.875, 10.25], "texture": "#0"},
				"down": {"uv": [7.5, 10.875, 7.875, 11], "texture": "#0"}
			}
		},
		{
			"name": "dragon_slaying_blade_71",
			"from": [7.325, 5, 7.75],
			"to": [7.45, 5.875, 8.175],
			"faces": {
				"north": {"uv": [9.75, 10.125, 9.625, 11], "texture": "#0"},
				"east": {"uv": [9.625, 10.125, 9.75, 11], "texture": "#0"},
				"south": {"uv": [9.625, 10.125, 9.75, 11], "texture": "#0"},
				"west": {"uv": [9.625, 10.125, 9.75, 11], "texture": "#0"},
				"up": {"uv": [9.625, 10.125, 9.75, 10.25], "texture": "#0"},
				"down": {"uv": [9.625, 10.875, 9.75, 11], "texture": "#0"}
			}
		},
		{
			"name": "dragon_slaying_blade_72",
			"from": [8.325, 5, 7.75],
			"to": [8.45, 5.875, 8.175],
			"faces": {
				"north": {"uv": [10.75, 10.125, 10.625, 11], "texture": "#0"},
				"east": {"uv": [10.625, 10.125, 10.75, 11], "texture": "#0"},
				"south": {"uv": [10.625, 10.125, 10.75, 11], "texture": "#0"},
				"west": {"uv": [10.625, 10.125, 10.75, 11], "texture": "#0"},
				"up": {"uv": [10.625, 10.125, 10.75, 10.25], "texture": "#0"},
				"down": {"uv": [10.625, 10.875, 10.75, 11], "texture": "#0"}
			}
		},
		{
			"name": "dragon_slaying_blade_73",
			"from": [7.075, 5.625, 7.85],
			"to": [7.2, 5.75, 8.075],
			"faces": {
				"north": {"uv": [4.5, 10.25, 4.375, 10.375], "texture": "#0"},
				"east": {"uv": [4.375, 10.25, 4.5, 10.375], "texture": "#0"},
				"south": {"uv": [4.375, 10.25, 4.5, 10.375], "texture": "#0"},
				"west": {"uv": [4.375, 10.25, 4.5, 10.375], "texture": "#0"},
				"up": {"uv": [4.375, 10.25, 4.5, 10.375], "texture": "#0"},
				"down": {"uv": [4.375, 10.25, 4.5, 10.375], "texture": "#0"}
			}
		},
		{
			"name": "dragon_slaying_blade_74",
			"from": [8.575, 5.625, 7.85],
			"to": [8.7, 5.75, 8.075],
			"faces": {
				"north": {"uv": [6, 10.25, 5.875, 10.375], "texture": "#0"},
				"east": {"uv": [5.875, 10.25, 6, 10.375], "texture": "#0"},
				"south": {"uv": [5.875, 10.25, 6, 10.375], "texture": "#0"},
				"west": {"uv": [5.875, 10.25, 6, 10.375], "texture": "#0"},
				"up": {"uv": [5.875, 10.25, 6, 10.375], "texture": "#0"},
				"down": {"uv": [5.875, 10.25, 6, 10.375], "texture": "#0"}
			}
		},
		{
			"name": "dragon_slaying_blade_75",
			"from": [7.575, 5.125, 7.8],
			"to": [7.7, 5.75, 8.125],
			"faces": {
				"north": {"uv": [7.5, 10.25, 7.375, 10.875], "texture": "#0"},
				"east": {"uv": [7.375, 10.25, 7.5, 10.875], "texture": "#0"},
				"south": {"uv": [7.375, 10.25, 7.5, 10.875], "texture": "#0"},
				"west": {"uv": [7.375, 10.25, 7.5, 10.875], "texture": "#0"},
				"up": {"uv": [7.375, 10.25, 7.5, 10.375], "texture": "#0"},
				"down": {"uv": [7.375, 10.75, 7.5, 10.875], "texture": "#0"}
			}
		},
		{
			"name": "dragon_slaying_blade_76",
			"from": [8.075, 5.125, 7.8],
			"to": [8.2, 5.75, 8.125],
			"faces": {
				"north": {"uv": [8, 10.25, 7.875, 10.875], "texture": "#0"},
				"east": {"uv": [7.875, 10.25, 8, 10.875], "texture": "#0"},
				"south": {"uv": [7.875, 10.25, 8, 10.875], "texture": "#0"},
				"west": {"uv": [7.875, 10.25, 8, 10.875], "texture": "#0"},
				"up": {"uv": [7.875, 10.25, 8, 10.375], "texture": "#0"},
				"down": {"uv": [7.875, 10.75, 8, 10.875], "texture": "#0"}
			}
		},
		{
			"name": "dragon_slaying_blade_77",
			"from": [7.45, 5.625, 7.75],
			"to": [7.575, 5.75, 8.175],
			"faces": {
				"north": {"uv": [9.875, 10.25, 9.75, 10.375], "texture": "#0"},
				"east": {"uv": [9.75, 10.25, 9.875, 10.375], "texture": "#0"},
				"south": {"uv": [9.75, 10.25, 9.875, 10.375], "texture": "#0"},
				"west": {"uv": [9.75, 10.25, 9.875, 10.375], "texture": "#0"},
				"up": {"uv": [9.75, 10.25, 9.875, 10.375], "texture": "#0"},
				"down": {"uv": [9.75, 10.25, 9.875, 10.375], "texture": "#0"}
			}
		},
		{
			"name": "dragon_slaying_blade_78",
			"from": [8.2, 5.625, 7.75],
			"to": [8.325, 5.75, 8.175],
			"faces": {
				"north": {"uv": [10.625, 10.25, 10.5, 10.375], "texture": "#0"},
				"east": {"uv": [10.5, 10.25, 10.625, 10.375], "texture": "#0"},
				"south": {"uv": [10.5, 10.25, 10.625, 10.375], "texture": "#0"},
				"west": {"uv": [10.5, 10.25, 10.625, 10.375], "texture": "#0"},
				"up": {"uv": [10.5, 10.25, 10.625, 10.375], "texture": "#0"},
				"down": {"uv": [10.5, 10.25, 10.625, 10.375], "texture": "#0"}
			}
		},
		{
			"name": "dragon_slaying_blade_79",
			"from": [6.95, 5.5, 7.9],
			"to": [7.2, 5.625, 8.025],
			"faces": {
				"north": {"uv": [7, 10.375, 6.75, 10.5], "texture": "#0"},
				"east": {"uv": [6.875, 10.375, 7, 10.5], "texture": "#0"},
				"south": {"uv": [6.75, 10.375, 7, 10.5], "texture": "#0"},
				"west": {"uv": [6.75, 10.375, 6.875, 10.5], "texture": "#0"},
				"up": {"uv": [6.75, 10.375, 7, 10.5], "texture": "#0"},
				"down": {"uv": [6.75, 10.375, 7, 10.5], "texture": "#0"}
			}
		},
		{
			"name": "dragon_slaying_blade_80",
			"from": [7.45, 5.25, 7.8],
			"to": [7.575, 5.625, 8.125],
			"faces": {
				"north": {"uv": [7.375, 10.375, 7.25, 10.75], "texture": "#0"},
				"east": {"uv": [7.25, 10.375, 7.375, 10.75], "texture": "#0"},
				"south": {"uv": [7.25, 10.375, 7.375, 10.75], "texture": "#0"},
				"west": {"uv": [7.25, 10.375, 7.375, 10.75], "texture": "#0"},
				"up": {"uv": [7.25, 10.375, 7.375, 10.5], "texture": "#0"},
				"down": {"uv": [7.25, 10.625, 7.375, 10.75], "texture": "#0"}
			}
		},
		{
			"name": "dragon_slaying_blade_81",
			"from": [8.2, 5.25, 7.8],
			"to": [8.325, 5.625, 8.125],
			"faces": {
				"north": {"uv": [8.125, 10.375, 8, 10.75], "texture": "#0"},
				"east": {"uv": [8, 10.375, 8.125, 10.75], "texture": "#0"},
				"south": {"uv": [8, 10.375, 8.125, 10.75], "texture": "#0"},
				"west": {"uv": [8, 10.375, 8.125, 10.75], "texture": "#0"},
				"up": {"uv": [8, 10.375, 8.125, 10.5], "texture": "#0"},
				"down": {"uv": [8, 10.625, 8.125, 10.75], "texture": "#0"}
			}
		},
		{
			"name": "dragon_slaying_blade_82",
			"from": [8.575, 5.5, 7.9],
			"to": [8.825, 5.625, 8.025],
			"faces": {
				"north": {"uv": [8.625, 10.375, 8.375, 10.5], "texture": "#0"},
				"east": {"uv": [8.5, 10.375, 8.625, 10.5], "texture": "#0"},
				"south": {"uv": [8.375, 10.375, 8.625, 10.5], "texture": "#0"},
				"west": {"uv": [8.375, 10.375, 8.5, 10.5], "texture": "#0"},
				"up": {"uv": [8.375, 10.375, 8.625, 10.5], "texture": "#0"},
				"down": {"uv": [8.375, 10.375, 8.625, 10.5], "texture": "#0"}
			}
		},
		{
			"name": "dragon_slaying_blade_83",
			"from": [7.2, 5.25, 7.75],
			"to": [7.325, 5.625, 8.175],
			"faces": {
				"north": {"uv": [9.625, 10.375, 9.5, 10.75], "texture": "#0"},
				"east": {"uv": [9.5, 10.375, 9.625, 10.75], "texture": "#0"},
				"south": {"uv": [9.5, 10.375, 9.625, 10.75], "texture": "#0"},
				"west": {"uv": [9.5, 10.375, 9.625, 10.75], "texture": "#0"},
				"up": {"uv": [9.5, 10.375, 9.625, 10.5], "texture": "#0"},
				"down": {"uv": [9.5, 10.625, 9.625, 10.75], "texture": "#0"}
			}
		},
		{
			"name": "dragon_slaying_blade_84",
			"from": [8.45, 5.25, 7.75],
			"to": [8.575, 5.625, 8.175],
			"faces": {
				"north": {"uv": [10.875, 10.375, 10.75, 10.75], "texture": "#0"},
				"east": {"uv": [10.75, 10.375, 10.875, 10.75], "texture": "#0"},
				"south": {"uv": [10.75, 10.375, 10.875, 10.75], "texture": "#0"},
				"west": {"uv": [10.75, 10.375, 10.875, 10.75], "texture": "#0"},
				"up": {"uv": [10.75, 10.375, 10.875, 10.5], "texture": "#0"},
				"down": {"uv": [10.75, 10.625, 10.875, 10.75], "texture": "#0"}
			}
		},
		{
			"name": "dragon_slaying_blade_85",
			"from": [6.325, 5, 7.8],
			"to": [6.45, 5.375, 8.125],
			"faces": {
				"north": {"uv": [6.25, 10.625, 6.125, 11], "texture": "#0"},
				"east": {"uv": [6.125, 10.625, 6.25, 11], "texture": "#0"},
				"south": {"uv": [6.125, 10.625, 6.25, 11], "texture": "#0"},
				"west": {"uv": [6.125, 10.625, 6.25, 11], "texture": "#0"},
				"up": {"uv": [6.125, 10.625, 6.25, 10.75], "texture": "#0"},
				"down": {"uv": [6.125, 10.875, 6.25, 11], "texture": "#0"}
			}
		},
		{
			"name": "dragon_slaying_blade_86",
			"from": [7.075, 5, 7.8],
			"to": [7.2, 5.375, 8.125],
			"faces": {
				"north": {"uv": [7, 10.625, 6.875, 11], "texture": "#0"},
				"east": {"uv": [6.875, 10.625, 7, 11], "texture": "#0"},
				"south": {"uv": [6.875, 10.625, 7, 11], "texture": "#0"},
				"west": {"uv": [6.875, 10.625, 7, 11], "texture": "#0"},
				"up": {"uv": [6.875, 10.625, 7, 10.75], "texture": "#0"},
				"down": {"uv": [6.875, 10.875, 7, 11], "texture": "#0"}
			}
		},
		{
			"name": "dragon_slaying_blade_87",
			"from": [8.575, 5, 7.8],
			"to": [8.7, 5.375, 8.125],
			"faces": {
				"north": {"uv": [8.5, 10.625, 8.375, 11], "texture": "#0"},
				"east": {"uv": [8.375, 10.625, 8.5, 11], "texture": "#0"},
				"south": {"uv": [8.375, 10.625, 8.5, 11], "texture": "#0"},
				"west": {"uv": [8.375, 10.625, 8.5, 11], "texture": "#0"},
				"up": {"uv": [8.375, 10.625, 8.5, 10.75], "texture": "#0"},
				"down": {"uv": [8.375, 10.875, 8.5, 11], "texture": "#0"}
			}
		},
		{
			"name": "dragon_slaying_blade_88",
			"from": [9.325, 5, 7.8],
			"to": [9.45, 5.375, 8.125],
			"faces": {
				"north": {"uv": [9.25, 10.625, 9.125, 11], "texture": "#0"},
				"east": {"uv": [9.125, 10.625, 9.25, 11], "texture": "#0"},
				"south": {"uv": [9.125, 10.625, 9.25, 11], "texture": "#0"},
				"west": {"uv": [9.125, 10.625, 9.25, 11], "texture": "#0"},
				"up": {"uv": [9.125, 10.625, 9.25, 10.75], "texture": "#0"},
				"down": {"uv": [9.125, 10.875, 9.25, 11], "texture": "#0"}
			}
		},
		{
			"name": "dragon_slaying_blade_89",
			"from": [6.45, 4.875, 7.8],
			"to": [6.575, 5.25, 8.125],
			"faces": {
				"north": {"uv": [6.375, 10.75, 6.25, 11.125], "texture": "#0"},
				"east": {"uv": [6.25, 10.75, 6.375, 11.125], "texture": "#0"},
				"south": {"uv": [6.25, 10.75, 6.375, 11.125], "texture": "#0"},
				"west": {"uv": [6.25, 10.75, 6.375, 11.125], "texture": "#0"},
				"up": {"uv": [6.25, 10.75, 6.375, 10.875], "texture": "#0"},
				"down": {"uv": [6.25, 11, 6.375, 11.125], "texture": "#0"}
			}
		},
		{
			"name": "dragon_slaying_blade_90",
			"from": [6.825, 4.875, 7.8],
			"to": [7.075, 5.25, 8.125],
			"faces": {
				"north": {"uv": [6.875, 10.75, 6.625, 11.125], "texture": "#0"},
				"east": {"uv": [6.75, 10.75, 6.875, 11.125], "texture": "#0"},
				"south": {"uv": [6.625, 10.75, 6.875, 11.125], "texture": "#0"},
				"west": {"uv": [6.625, 10.75, 6.75, 11.125], "texture": "#0"},
				"up": {"uv": [6.625, 10.75, 6.875, 10.875], "texture": "#0"},
				"down": {"uv": [6.625, 11, 6.875, 11.125], "texture": "#0"}
			}
		},
		{
			"name": "dragon_slaying_blade_91",
			"from": [7.2, 5, 7.8],
			"to": [7.325, 5.25, 8.125],
			"faces": {
				"north": {"uv": [7.125, 10.75, 7, 11], "texture": "#0"},
				"east": {"uv": [7, 10.75, 7.125, 11], "texture": "#0"},
				"south": {"uv": [7, 10.75, 7.125, 11], "texture": "#0"},
				"west": {"uv": [7, 10.75, 7.125, 11], "texture": "#0"},
				"up": {"uv": [7, 10.75, 7.125, 10.875], "texture": "#0"},
				"down": {"uv": [7, 10.875, 7.125, 11], "texture": "#0"}
			}
		},
		{
			"name": "dragon_slaying_blade_92",
			"from": [8.45, 5, 7.8],
			"to": [8.575, 5.25, 8.125],
			"faces": {
				"north": {"uv": [8.375, 10.75, 8.25, 11], "texture": "#0"},
				"east": {"uv": [8.25, 10.75, 8.375, 11], "texture": "#0"},
				"south": {"uv": [8.25, 10.75, 8.375, 11], "texture": "#0"},
				"west": {"uv": [8.25, 10.75, 8.375, 11], "texture": "#0"},
				"up": {"uv": [8.25, 10.75, 8.375, 10.875], "texture": "#0"},
				"down": {"uv": [8.25, 10.875, 8.375, 11], "texture": "#0"}
			}
		},
		{
			"name": "dragon_slaying_blade_93",
			"from": [8.7, 4.875, 7.8],
			"to": [8.95, 5.25, 8.125],
			"faces": {
				"north": {"uv": [8.75, 10.75, 8.5, 11.125], "texture": "#0"},
				"east": {"uv": [8.625, 10.75, 8.75, 11.125], "texture": "#0"},
				"south": {"uv": [8.5, 10.75, 8.75, 11.125], "texture": "#0"},
				"west": {"uv": [8.5, 10.75, 8.625, 11.125], "texture": "#0"},
				"up": {"uv": [8.5, 10.75, 8.75, 10.875], "texture": "#0"},
				"down": {"uv": [8.5, 11, 8.75, 11.125], "texture": "#0"}
			}
		},
		{
			"name": "dragon_slaying_blade_94",
			"from": [9.2, 4.875, 7.8],
			"to": [9.325, 5.25, 8.125],
			"faces": {
				"north": {"uv": [9.125, 10.75, 9, 11.125], "texture": "#0"},
				"east": {"uv": [9, 10.75, 9.125, 11.125], "texture": "#0"},
				"south": {"uv": [9, 10.75, 9.125, 11.125], "texture": "#0"},
				"west": {"uv": [9, 10.75, 9.125, 11.125], "texture": "#0"},
				"up": {"uv": [9, 10.75, 9.125, 10.875], "texture": "#0"},
				"down": {"uv": [9, 11, 9.125, 11.125], "texture": "#0"}
			}
		},
		{
			"name": "dragon_slaying_blade_95",
			"from": [7.45, 4.875, 7.75],
			"to": [7.575, 5.25, 8.175],
			"faces": {
				"north": {"uv": [9.875, 10.75, 9.75, 11.125], "texture": "#0"},
				"east": {"uv": [9.75, 10.75, 9.875, 11.125], "texture": "#0"},
				"south": {"uv": [9.75, 10.75, 9.875, 11.125], "texture": "#0"},
				"west": {"uv": [9.75, 10.75, 9.875, 11.125], "texture": "#0"},
				"up": {"uv": [9.75, 10.75, 9.875, 10.875], "texture": "#0"},
				"down": {"uv": [9.75, 11, 9.875, 11.125], "texture": "#0"}
			}
		},
		{
			"name": "dragon_slaying_blade_96",
			"from": [8.2, 4.875, 7.75],
			"to": [8.325, 5.25, 8.175],
			"faces": {
				"north": {"uv": [10.625, 10.75, 10.5, 11.125], "texture": "#0"},
				"east": {"uv": [10.5, 10.75, 10.625, 11.125], "texture": "#0"},
				"south": {"uv": [10.5, 10.75, 10.625, 11.125], "texture": "#0"},
				"west": {"uv": [10.5, 10.75, 10.625, 11.125], "texture": "#0"},
				"up": {"uv": [10.5, 10.75, 10.625, 10.875], "texture": "#0"},
				"down": {"uv": [10.5, 11, 10.625, 11.125], "texture": "#0"}
			}
		},
		{
			"name": "dragon_slaying_blade_97",
			"from": [6.575, 4.875, 7.8],
			"to": [6.825, 5.125, 8.125],
			"faces": {
				"north": {"uv": [6.625, 10.875, 6.375, 11.125], "texture": "#0"},
				"east": {"uv": [6.5, 10.875, 6.625, 11.125], "texture": "#0"},
				"south": {"uv": [6.375, 10.875, 6.625, 11.125], "texture": "#0"},
				"west": {"uv": [6.375, 10.875, 6.5, 11.125], "texture": "#0"},
				"up": {"uv": [6.375, 10.875, 6.625, 11], "texture": "#0"},
				"down": {"uv": [6.375, 11, 6.625, 11.125], "texture": "#0"}
			}
		},
		{
			"name": "dragon_slaying_blade_98",
			"from": [8.95, 4.875, 7.8],
			"to": [9.2, 5.125, 8.125],
			"faces": {
				"north": {"uv": [9, 10.875, 8.75, 11.125], "texture": "#0"},
				"east": {"uv": [8.875, 10.875, 9, 11.125], "texture": "#0"},
				"south": {"uv": [8.75, 10.875, 9, 11.125], "texture": "#0"},
				"west": {"uv": [8.75, 10.875, 8.875, 11.125], "texture": "#0"},
				"up": {"uv": [8.75, 10.875, 9, 11], "texture": "#0"},
				"down": {"uv": [8.75, 11, 9, 11.125], "texture": "#0"}
			}
		},
		{
			"name": "dragon_slaying_blade_99",
			"from": [7.575, 4.875, 7.75],
			"to": [7.7, 5.125, 8.175],
			"faces": {
				"north": {"uv": [10, 10.875, 9.875, 11.125], "texture": "#0"},
				"east": {"uv": [9.875, 10.875, 10, 11.125], "texture": "#0"},
				"south": {"uv": [9.875, 10.875, 10, 11.125], "texture": "#0"},
				"west": {"uv": [9.875, 10.875, 10, 11.125], "texture": "#0"},
				"up": {"uv": [9.875, 10.875, 10, 11], "texture": "#0"},
				"down": {"uv": [9.875, 11, 10, 11.125], "texture": "#0"}
			}
		},
		{
			"name": "dragon_slaying_blade_100",
			"from": [8.075, 4.875, 7.75],
			"to": [8.2, 5.125, 8.175],
			"faces": {
				"north": {"uv": [10.5, 10.875, 10.375, 11.125], "texture": "#0"},
				"east": {"uv": [10.375, 10.875, 10.5, 11.125], "texture": "#0"},
				"south": {"uv": [10.375, 10.875, 10.5, 11.125], "texture": "#0"},
				"west": {"uv": [10.375, 10.875, 10.5, 11.125], "texture": "#0"},
				"up": {"uv": [10.375, 10.875, 10.5, 11], "texture": "#0"},
				"down": {"uv": [10.375, 11, 10.5, 11.125], "texture": "#0"}
			}
		},
		{
			"name": "dragon_slaying_blade_101",
			"from": [7.7, 4.75, 7.75],
			"to": [8.075, 5, 8.175],
			"faces": {
				"north": {"uv": [10.375, 11, 10, 11.25], "texture": "#0"},
				"east": {"uv": [10.25, 11, 10.375, 11.25], "texture": "#0"},
				"south": {"uv": [10, 11, 10.375, 11.25], "texture": "#0"},
				"west": {"uv": [10, 11, 10.125, 11.25], "texture": "#0"},
				"up": {"uv": [10, 11, 10.375, 11.125], "texture": "#0"},
				"down": {"uv": [10, 11.125, 10.375, 11.25], "texture": "#0"}
			}
		},
		{
			"name": "dragon_slaying_blade_102",
			"from": [7.075, 4.625, 7.85],
			"to": [7.45, 5, 8.075],
			"faces": {
				"north": {"uv": [7, 11.25, 6.625, 11.625], "texture": "#0"},
				"east": {"uv": [6.875, 11.25, 7, 11.625], "texture": "#0"},
				"south": {"uv": [6.625, 11.25, 7, 11.625], "texture": "#0"},
				"west": {"uv": [6.625, 11.25, 6.75, 11.625], "texture": "#0"},
				"up": {"uv": [6.625, 11.25, 7, 11.375], "texture": "#0"},
				"down": {"uv": [6.625, 11.5, 7, 11.625], "texture": "#0"}
			}
		},
		{
			"name": "dragon_slaying_blade_103",
			"from": [7.7, 2, 7.8],
			"to": [8.075, 4.75, 8.125],
			"faces": {
				"north": {"uv": [7.875, 11.25, 7.5, 14], "texture": "#0"},
				"east": {"uv": [7.75, 11.25, 7.875, 14], "texture": "#0"},
				"south": {"uv": [7.5, 11.25, 7.875, 14], "texture": "#0"},
				"west": {"uv": [7.5, 11.25, 7.625, 14], "texture": "#0"},
				"up": {"uv": [7.5, 11.25, 7.875, 11.375], "texture": "#0"},
				"down": {"uv": [7.5, 13.875, 7.875, 14], "texture": "#0"}
			}
		},
		{
			"name": "dragon_slaying_blade_104",
			"from": [8.325, 4.625, 7.85],
			"to": [8.7, 5, 8.075],
			"faces": {
				"north": {"uv": [8.75, 11.25, 8.375, 11.625], "texture": "#0"},
				"east": {"uv": [8.625, 11.25, 8.75, 11.625], "texture": "#0"},
				"south": {"uv": [8.375, 11.25, 8.75, 11.625], "texture": "#0"},
				"west": {"uv": [8.375, 11.25, 8.5, 11.625], "texture": "#0"},
				"up": {"uv": [8.375, 11.25, 8.75, 11.375], "texture": "#0"},
				"down": {"uv": [8.375, 11.5, 8.75, 11.625], "texture": "#0"}
			}
		},
		{
			"name": "dragon_slaying_blade_105",
			"from": [7.45, 4.75, 7.9],
			"to": [7.7, 4.875, 8.025],
			"faces": {
				"north": {"uv": [7.25, 11.375, 7, 11.5], "texture": "#0"},
				"east": {"uv": [7.125, 11.375, 7.25, 11.5], "texture": "#0"},
				"south": {"uv": [7, 11.375, 7.25, 11.5], "texture": "#0"},
				"west": {"uv": [7, 11.375, 7.125, 11.5], "texture": "#0"},
				"up": {"uv": [7, 11.375, 7.25, 11.5], "texture": "#0"},
				"down": {"uv": [7, 11.375, 7.25, 11.5], "texture": "#0"}
			}
		},
		{
			"name": "dragon_slaying_blade_106",
			"from": [8.075, 4.75, 7.9],
			"to": [8.325, 4.875, 8.025],
			"faces": {
				"north": {"uv": [8.375, 11.375, 8.125, 11.5], "texture": "#0"},
				"east": {"uv": [8.25, 11.375, 8.375, 11.5], "texture": "#0"},
				"south": {"uv": [8.125, 11.375, 8.375, 11.5], "texture": "#0"},
				"west": {"uv": [8.125, 11.375, 8.25, 11.5], "texture": "#0"},
				"up": {"uv": [8.125, 11.375, 8.375, 11.5], "texture": "#0"},
				"down": {"uv": [8.125, 11.375, 8.375, 11.5], "texture": "#0"}
			}
		},
		{
			"name": "dragon_slaying_blade_107",
			"from": [6.95, 4.25, 7.85],
			"to": [7.075, 4.75, 8.075],
			"faces": {
				"north": {"uv": [6.625, 11.5, 6.5, 12], "texture": "#0"},
				"east": {"uv": [6.5, 11.5, 6.625, 12], "texture": "#0"},
				"south": {"uv": [6.5, 11.5, 6.625, 12], "texture": "#0"},
				"west": {"uv": [6.5, 11.5, 6.625, 12], "texture": "#0"},
				"up": {"uv": [6.5, 11.5, 6.625, 11.625], "texture": "#0"},
				"down": {"uv": [6.5, 11.875, 6.625, 12], "texture": "#0"}
			}
		},
		{
			"name": "dragon_slaying_blade_108",
			"from": [8.7, 4.25, 7.85],
			"to": [8.825, 4.75, 8.075],
			"faces": {
				"north": {"uv": [8.875, 11.5, 8.75, 12], "texture": "#0"},
				"east": {"uv": [8.75, 11.5, 8.875, 12], "texture": "#0"},
				"south": {"uv": [8.75, 11.5, 8.875, 12], "texture": "#0"},
				"west": {"uv": [8.75, 11.5, 8.875, 12], "texture": "#0"},
				"up": {"uv": [8.75, 11.5, 8.875, 11.625], "texture": "#0"},
				"down": {"uv": [8.75, 11.875, 8.875, 12], "texture": "#0"}
			}
		},
		{
			"name": "dragon_slaying_blade_109",
			"from": [7.075, 4.5, 7.85],
			"to": [7.325, 4.625, 8.075],
			"faces": {
				"north": {"uv": [6.875, 11.625, 6.625, 11.75], "texture": "#0"},
				"east": {"uv": [6.75, 11.625, 6.875, 11.75], "texture": "#0"},
				"south": {"uv": [6.625, 11.625, 6.875, 11.75], "texture": "#0"},
				"west": {"uv": [6.625, 11.625, 6.75, 11.75], "texture": "#0"},
				"up": {"uv": [6.625, 11.625, 6.875, 11.75], "texture": "#0"},
				"down": {"uv": [6.625, 11.625, 6.875, 11.75], "texture": "#0"}
			}
		},
		{
			"name": "dragon_slaying_blade_110",
			"from": [8.45, 4.5, 7.85],
			"to": [8.7, 4.625, 8.075],
			"faces": {
				"north": {"uv": [8.75, 11.625, 8.5, 11.75], "texture": "#0"},
				"east": {"uv": [8.625, 11.625, 8.75, 11.75], "texture": "#0"},
				"south": {"uv": [8.5, 11.625, 8.75, 11.75], "texture": "#0"},
				"west": {"uv": [8.5, 11.625, 8.625, 11.75], "texture": "#0"},
				"up": {"uv": [8.5, 11.625, 8.75, 11.75], "texture": "#0"},
				"down": {"uv": [8.5, 11.625, 8.75, 11.75], "texture": "#0"}
			}
		},
		{
			"name": "dragon_slaying_blade_111",
			"from": [7.075, 4, 7.85],
			"to": [7.2, 4.5, 8.075],
			"faces": {
				"north": {"uv": [6.75, 11.75, 6.625, 12.25], "texture": "#0"},
				"east": {"uv": [6.625, 11.75, 6.75, 12.25], "texture": "#0"},
				"south": {"uv": [6.625, 11.75, 6.75, 12.25], "texture": "#0"},
				"west": {"uv": [6.625, 11.75, 6.75, 12.25], "texture": "#0"},
				"up": {"uv": [6.625, 11.75, 6.75, 11.875], "texture": "#0"},
				"down": {"uv": [6.625, 12.125, 6.75, 12.25], "texture": "#0"}
			}
		},
		{
			"name": "dragon_slaying_blade_112",
			"from": [8.575, 4, 7.85],
			"to": [8.7, 4.5, 8.075],
			"faces": {
				"north": {"uv": [8.75, 11.75, 8.625, 12.25], "texture": "#0"},
				"east": {"uv": [8.625, 11.75, 8.75, 12.25], "texture": "#0"},
				"south": {"uv": [8.625, 11.75, 8.75, 12.25], "texture": "#0"},
				"west": {"uv": [8.625, 11.75, 8.75, 12.25], "texture": "#0"},
				"up": {"uv": [8.625, 11.75, 8.75, 11.875], "texture": "#0"},
				"down": {"uv": [8.625, 12.125, 8.75, 12.25], "texture": "#0"}
			}
		},
		{
			"name": "dragon_slaying_blade_113",
			"from": [7.7, 1.75, 7.75],
			"to": [8.075, 2, 8.175],
			"faces": {
				"north": {"uv": [7.875, 14.25, 7.5, 14.5], "texture": "#0"},
				"east": {"uv": [7.75, 14.25, 7.875, 14.5], "texture": "#0"},
				"south": {"uv": [7.5, 14.25, 7.875, 14.5], "texture": "#0"},
				"west": {"uv": [7.5, 14.25, 7.625, 14.5], "texture": "#0"},
				"up": {"uv": [7.5, 14.25, 7.875, 14.375], "texture": "#0"},
				"down": {"uv": [7.5, 14.375, 7.875, 14.5], "texture": "#0"}
			}
		},
		{
			"name": "dragon_slaying_blade_114",
			"from": [7.575, 1.25, 7.75],
			"to": [7.7, 1.875, 8.175],
			"faces": {
				"north": {"uv": [7.5, 14.375, 7.375, 15], "texture": "#0"},
				"east": {"uv": [7.375, 14.375, 7.5, 15], "texture": "#0"},
				"south": {"uv": [7.375, 14.375, 7.5, 15], "texture": "#0"},
				"west": {"uv": [7.375, 14.375, 7.5, 15], "texture": "#0"},
				"up": {"uv": [7.375, 14.375, 7.5, 14.5], "texture": "#0"},
				"down": {"uv": [7.375, 14.875, 7.5, 15], "texture": "#0"}
			}
		},
		{
			"name": "dragon_slaying_blade_115",
			"from": [8.075, 1.25, 7.75],
			"to": [8.2, 1.875, 8.175],
			"faces": {
				"north": {"uv": [8, 14.375, 7.875, 15], "texture": "#0"},
				"east": {"uv": [7.875, 14.375, 8, 15], "texture": "#0"},
				"south": {"uv": [7.875, 14.375, 8, 15], "texture": "#0"},
				"west": {"uv": [7.875, 14.375, 8, 15], "texture": "#0"},
				"up": {"uv": [7.875, 14.375, 8, 14.5], "texture": "#0"},
				"down": {"uv": [7.875, 14.875, 8, 15], "texture": "#0"}
			}
		},
		{
			"name": "dragon_slaying_blade_116",
			"from": [7.45, 1.375, 7.75],
			"to": [7.575, 1.75, 8.175],
			"faces": {
				"north": {"uv": [7.375, 14.5, 7.25, 14.875], "texture": "#0"},
				"east": {"uv": [7.25, 14.5, 7.375, 14.875], "texture": "#0"},
				"south": {"uv": [7.25, 14.5, 7.375, 14.875], "texture": "#0"},
				"west": {"uv": [7.25, 14.5, 7.375, 14.875], "texture": "#0"},
				"up": {"uv": [7.25, 14.5, 7.375, 14.625], "texture": "#0"},
				"down": {"uv": [7.25, 14.75, 7.375, 14.875], "texture": "#0"}
			}
		},
		{
			"name": "dragon_slaying_blade_117",
			"from": [7.7, 1.625, 7.75],
			"to": [7.825, 1.75, 8.175],
			"faces": {
				"north": {"uv": [7.625, 14.5, 7.5, 14.625], "texture": "#0"},
				"east": {"uv": [7.5, 14.5, 7.625, 14.625], "texture": "#0"},
				"south": {"uv": [7.5, 14.5, 7.625, 14.625], "texture": "#0"},
				"west": {"uv": [7.5, 14.5, 7.625, 14.625], "texture": "#0"},
				"up": {"uv": [7.5, 14.5, 7.625, 14.625], "texture": "#0"},
				"down": {"uv": [7.5, 14.5, 7.625, 14.625], "texture": "#0"}
			}
		},
		{
			"name": "dragon_slaying_blade_118",
			"from": [7.95, 1.625, 7.75],
			"to": [8.075, 1.75, 8.175],
			"faces": {
				"north": {"uv": [7.875, 14.5, 7.75, 14.625], "texture": "#0"},
				"east": {"uv": [7.75, 14.5, 7.875, 14.625], "texture": "#0"},
				"south": {"uv": [7.75, 14.5, 7.875, 14.625], "texture": "#0"},
				"west": {"uv": [7.75, 14.5, 7.875, 14.625], "texture": "#0"},
				"up": {"uv": [7.75, 14.5, 7.875, 14.625], "texture": "#0"},
				"down": {"uv": [7.75, 14.5, 7.875, 14.625], "texture": "#0"}
			}
		},
		{
			"name": "dragon_slaying_blade_119",
			"from": [8.2, 1.375, 7.75],
			"to": [8.325, 1.75, 8.175],
			"faces": {
				"north": {"uv": [8.125, 14.5, 8, 14.875], "texture": "#0"},
				"east": {"uv": [8, 14.5, 8.125, 14.875], "texture": "#0"},
				"south": {"uv": [8, 14.5, 8.125, 14.875], "texture": "#0"},
				"west": {"uv": [8, 14.5, 8.125, 14.875], "texture": "#0"},
				"up": {"uv": [8, 14.5, 8.125, 14.625], "texture": "#0"},
				"down": {"uv": [8, 14.75, 8.125, 14.875], "texture": "#0"}
			}
		},
		{
			"name": "dragon_slaying_blade_120",
			"from": [7.7, 1.125, 7.75],
			"to": [7.825, 1.5, 8.175],
			"faces": {
				"north": {"uv": [7.625, 14.75, 7.5, 15.125], "texture": "#0"},
				"east": {"uv": [7.5, 14.75, 7.625, 15.125], "texture": "#0"},
				"south": {"uv": [7.5, 14.75, 7.625, 15.125], "texture": "#0"},
				"west": {"uv": [7.5, 14.75, 7.625, 15.125], "texture": "#0"},
				"up": {"uv": [7.5, 14.75, 7.625, 14.875], "texture": "#0"},
				"down": {"uv": [7.5, 15, 7.625, 15.125], "texture": "#0"}
			}
		},
		{
			"name": "dragon_slaying_blade_121",
			"from": [7.95, 1.125, 7.75],
			"to": [8.075, 1.5, 8.175],
			"faces": {
				"north": {"uv": [7.875, 14.75, 7.75, 15.125], "texture": "#0"},
				"east": {"uv": [7.75, 14.75, 7.875, 15.125], "texture": "#0"},
				"south": {"uv": [7.75, 14.75, 7.875, 15.125], "texture": "#0"},
				"west": {"uv": [7.75, 14.75, 7.875, 15.125], "texture": "#0"},
				"up": {"uv": [7.75, 14.75, 7.875, 14.875], "texture": "#0"},
				"down": {"uv": [7.75, 15, 7.875, 15.125], "texture": "#0"}
			}
		},
		{
			"name": "dragon_slaying_blade_122",
			"from": [7.825, 1.125, 7.75],
			"to": [7.95, 1.375, 8.175],
			"faces": {
				"north": {"uv": [7.75, 14.875, 7.625, 15.125], "texture": "#0"},
				"east": {"uv": [7.625, 14.875, 7.75, 15.125], "texture": "#0"},
				"south": {"uv": [7.625, 14.875, 7.75, 15.125], "texture": "#0"},
				"west": {"uv": [7.625, 14.875, 7.75, 15.125], "texture": "#0"},
				"up": {"uv": [7.625, 14.875, 7.75, 15], "texture": "#0"},
				"down": {"uv": [7.625, 15, 7.75, 15.125], "texture": "#0"}
			}
		}
	],
	"gui_light": "front",
	"display": {
		"thirdperson_righthand": {
			"rotation": [0, -90, 0],
			"translation": [0.25, 13, 2],
			"scale": [3.5, 3.5, 3]
		},
		"thirdperson_lefthand": {
			"rotation": [0, 90, 0],
			"translation": [0.25, 13, 1.5],
			"scale": [3.5, 3.5, 3]
		},
		"firstperson_righthand": {
			"rotation": [0, -90, -4],
			"translation": [0.75, 9, 2.75],
			"scale": [2, 2, 1.75]
		},
		"firstperson_lefthand": {
			"rotation": [0, 90, 1],
			"translation": [1.5, 8.25, 1.75],
			"scale": [2, 2, 1.75]
		},
		"ground": {
			"translation": [0, 12.5, 0],
			"scale": [3.75, 3.75, 2.5]
		},
		"gui": {
			"rotation": [0, 0, -42],
			"translation": [2, 1.5, 0],
			"scale": [2.5, 2.5, 1]
		},
		"fixed": {
			"rotation": [-180, 0, 138],
			"translation": [-1.25, 1.75, -0.75],
			"scale": [4, 4, 3]
		}
	},
	"groups": [
		{
			"name": "dragon_slaying_blade",
			"origin": [8, 8, 8],
			"color": 0,
			"children": [
				0,
				1,
				2,
				3,
				4,
				5,
				6,
				7,
				8,
				9,
				10,
				11,
				12,
				13,
				14,
				15,
				16,
				17,
				18,
				19,
				20,
				21,
				22,
				23,
				24,
				25,
				26,
				27,
				28,
				29,
				30,
				31,
				32,
				33,
				34,
				35,
				36,
				37,
				38,
				39,
				40,
				41,
				42,
				43,
				44,
				45,
				46,
				47,
				48,
				49,
				50,
				51,
				52,
				53,
				54,
				55,
				56,
				57,
				58,
				59,
				60,
				61,
				62,
				63,
				64,
				65,
				66,
				67,
				68,
				69,
				70,
				71,
				72,
				73,
				74,
				75,
				76,
				77,
				78,
				79,
				80,
				81,
				82,
				83,
				84,
				85,
				86,
				87,
				88,
				89,
				90,
				91,
				92,
				93,
				94,
				95,
				96,
				97,
				98,
				99,
				100,
				101,
				102,
				103,
				104,
				105,
				106,
				107,
				108,
				109,
				110,
				111,
				112,
				113,
				114,
				115,
				116,
				117,
				118,
				119,
				120,
				121,
				122
			]
		}
	]
}