{
	"credit": "Made with Blockbench",
	"texture_size": [64, 64],
	"textures": {
		"3": "item/compositebow/bow_pulling_0",
		"particle": "item/compositebow/bow_pulling_0"
	},
	"elements": [
		{
			"from": [8, -4.5, 13],
			"to": [8, 18.5, 17],
			"rotation": {"angle": 0, "axis": "y", "origin": [0, -3, -2.25]},
			"faces": {
				"north": {"uv": [0, 0, 0, 5.75], "texture": "#3"},
				"east": {"uv": [0, 0, 1, 5.75], "texture": "#3"},
				"south": {"uv": [0, 0, 0, 5.75], "texture": "#3"},
				"west": {"uv": [1, 0, 2, 5.75], "texture": "#3"},
				"up": {"uv": [0, 1, 0, 0], "texture": "#3"},
				"down": {"uv": [0, 0, 0, 1], "texture": "#3"}
			}
		},
		{
			"from": [6.995, 3.995, 5.995],
			"to": [9.005, 10.005, 8.005],
			"rotation": {"angle": 0, "axis": "y", "origin": [0, -3, 15.25]},
			"faces": {
				"north": {"uv": [6, 3, 6.5, 4.5], "texture": "#3"},
				"east": {"uv": [6, 4.5, 6.5, 6], "texture": "#3"},
				"south": {"uv": [6, 6, 6.5, 7.5], "texture": "#3"},
				"west": {"uv": [6.5, 1.25, 7, 2.75], "texture": "#3"},
				"up": {"uv": [7.5, 6.25, 7, 5.75], "texture": "#3"},
				"down": {"uv": [7.75, 7.25, 7.25, 7.75], "texture": "#3"}
			}
		},
		{
			"from": [6.495, 9.595, 5.395],
			"to": [9.505, 10.605, 8.405],
			"rotation": {"angle": -22.5, "axis": "x", "origin": [8, 10.1, 7]},
			"faces": {
				"north": {"uv": [4.75, 3.75, 5.5, 4], "texture": "#3"},
				"east": {"uv": [0.5, 8, 1.25, 8.25], "texture": "#3"},
				"south": {"uv": [1.25, 8, 2, 8.25], "texture": "#3"},
				"west": {"uv": [8, 1.25, 8.75, 1.5], "texture": "#3"},
				"up": {"uv": [5.25, 7.75, 4.5, 7], "texture": "#3"},
				"down": {"uv": [7.75, 5, 7, 5.75], "texture": "#3"}
			}
		},
		{
			"from": [6.495, 3.395, 5.395],
			"to": [9.505, 4.405, 8.405],
			"rotation": {"angle": 22.5, "axis": "x", "origin": [8, 3.9, 7]},
			"faces": {
				"north": {"uv": [8, 1.5, 8.75, 1.75], "texture": "#3"},
				"east": {"uv": [8, 1.75, 8.75, 2], "texture": "#3"},
				"south": {"uv": [8, 2, 8.75, 2.25], "texture": "#3"},
				"west": {"uv": [8, 2.25, 8.75, 2.5], "texture": "#3"},
				"up": {"uv": [6, 7.75, 5.25, 7], "texture": "#3"},
				"down": {"uv": [7.25, 7.25, 6.5, 8], "texture": "#3"}
			}
		},
		{
			"from": [6.997, 9.997, 5.997],
			"to": [9.003, 16.903, 8.003],
			"rotation": {"angle": -22.5, "axis": "x", "origin": [8, 10, 8]},
			"faces": {
				"north": {"uv": [4.5, 5.25, 5, 7], "texture": "#3"},
				"east": {"uv": [5, 5.25, 5.5, 7], "texture": "#3"},
				"south": {"uv": [5.5, 5.25, 6, 7], "texture": "#3"},
				"west": {"uv": [0, 5.75, 0.5, 7.5], "texture": "#3"},
				"up": {"uv": [0.5, 8, 0, 7.5], "texture": "#3"},
				"down": {"uv": [1, 7.5, 0.5, 8], "texture": "#3"}
			}
		},
		{
			"from": [6.997, -2.903, 5.997],
			"to": [9.003, 4.003, 8.003],
			"rotation": {"angle": 22.5, "axis": "x", "origin": [8, 4, 8]},
			"faces": {
				"north": {"uv": [0.5, 5.75, 1, 7.5], "texture": "#3"},
				"east": {"uv": [1, 5.75, 1.5, 7.5], "texture": "#3"},
				"south": {"uv": [1.5, 5.75, 2, 7.5], "texture": "#3"},
				"west": {"uv": [6, 1.25, 6.5, 3], "texture": "#3"},
				"up": {"uv": [1.5, 8, 1, 7.5], "texture": "#3"},
				"down": {"uv": [8, 1.25, 7.5, 1.75], "texture": "#3"}
			}
		},
		{
			"from": [6.998, 13.60091, 4.59871],
			"to": [9.002, 15.60491, 9.60271],
			"rotation": {"angle": -22.5, "axis": "x", "origin": [8, 15.53223, 3.61803]},
			"faces": {
				"north": {"uv": [1.5, 7.5, 2, 8], "texture": "#3"},
				"east": {"uv": [6.5, 2.75, 7.75, 3.25], "texture": "#3"},
				"south": {"uv": [7.5, 1.75, 8, 2.25], "texture": "#3"},
				"west": {"uv": [6.5, 3.25, 7.75, 3.75], "texture": "#3"},
				"up": {"uv": [7, 5, 6.5, 3.75], "texture": "#3"},
				"down": {"uv": [7, 5, 6.5, 6.25], "texture": "#3"}
			}
		},
		{
			"from": [6.998, -1.51253, 4.53698],
			"to": [9.002, 0.49147, 9.54098],
			"rotation": {"angle": 22.5, "axis": "x", "origin": [8, -1.53223, 3.51803]},
			"faces": {
				"north": {"uv": [7.5, 2.25, 8, 2.75], "texture": "#3"},
				"east": {"uv": [6.5, 6.25, 7.75, 6.75], "texture": "#3"},
				"south": {"uv": [7.5, 3.75, 8, 4.25], "texture": "#3"},
				"west": {"uv": [6.5, 6.75, 7.75, 7.25], "texture": "#3"},
				"up": {"uv": [7.5, 2.5, 7, 1.25], "texture": "#3"},
				"down": {"uv": [7.5, 3.75, 7, 5], "texture": "#3"}
			}
		},
		{
			"from": [7, 16.04049, 9.85526],
			"to": [9, 18.04049, 11.85526],
			"rotation": {"angle": -22.5, "axis": "x", "origin": [8, 16.11118, 9.87258]},
			"faces": {
				"north": {"uv": [7.5, 4.25, 8, 4.75], "texture": "#3"},
				"east": {"uv": [7.5, 5.75, 8, 6.25], "texture": "#3"},
				"south": {"uv": [6, 7.5, 6.5, 8], "texture": "#3"},
				"west": {"uv": [7.75, 2.75, 8.25, 3.25], "texture": "#3"},
				"up": {"uv": [8.25, 3.75, 7.75, 3.25], "texture": "#3"},
				"down": {"uv": [5, 7.75, 4.5, 8.25], "texture": "#3"}
			}
		},
		{
			"from": [7.5, 16.80661, 10.41071],
			"to": [8.5, 17.80661, 12.41071],
			"rotation": {"angle": -22.5, "axis": "x", "origin": [8, 17.26118, 10.37258]},
			"faces": {
				"north": {"uv": [7.5, 4.75, 7.75, 5], "texture": "#3"},
				"east": {"uv": [5.5, 3.75, 6, 4], "texture": "#3"},
				"south": {"uv": [8.25, 3.75, 8.5, 4], "texture": "#3"},
				"west": {"uv": [7, 2.5, 7.5, 2.75], "texture": "#3"},
				"up": {"uv": [8.25, 4.25, 8, 3.75], "texture": "#3"},
				"down": {"uv": [8.25, 4.25, 8, 4.75], "texture": "#3"}
			}
		},
		{
			"from": [7, 16.80661, 12.41071],
			"to": [9, 17.80661, 14.41071],
			"rotation": {"angle": -22.5, "axis": "x", "origin": [8, 17.26118, 10.37258]},
			"faces": {
				"north": {"uv": [8, 2.5, 8.5, 2.75], "texture": "#3"},
				"east": {"uv": [8, 5.75, 8.5, 6], "texture": "#3"},
				"south": {"uv": [6, 8, 6.5, 8.25], "texture": "#3"},
				"west": {"uv": [8, 6, 8.5, 6.25], "texture": "#3"},
				"up": {"uv": [8.25, 5.25, 7.75, 4.75], "texture": "#3"},
				"down": {"uv": [5.5, 7.75, 5, 8.25], "texture": "#3"}
			}
		},
		{
			"from": [7, -3.96978, 9.82597],
			"to": [9, -1.96978, 11.82597],
			"rotation": {"angle": 22.5, "axis": "x", "origin": [8, -2.04046, 9.84329]},
			"faces": {
				"north": {"uv": [7.75, 5.25, 8.25, 5.75], "texture": "#3"},
				"east": {"uv": [5.5, 7.75, 6, 8.25], "texture": "#3"},
				"south": {"uv": [7.75, 6.25, 8.25, 6.75], "texture": "#3"},
				"west": {"uv": [7.75, 6.75, 8.25, 7.25], "texture": "#3"},
				"up": {"uv": [7.75, 8.25, 7.25, 7.75], "texture": "#3"},
				"down": {"uv": [8.25, 7.25, 7.75, 7.75], "texture": "#3"}
			}
		},
		{
			"from": [6.94176, -3.74028, 12.38031],
			"to": [8.94176, -2.74028, 14.38031],
			"rotation": {"angle": 22.5, "axis": "x", "origin": [8, -3.19046, 10.34329]},
			"faces": {
				"north": {"uv": [6.5, 8, 7, 8.25], "texture": "#3"},
				"east": {"uv": [0.5, 8.25, 1, 8.5], "texture": "#3"},
				"south": {"uv": [1, 8.25, 1.5, 8.5], "texture": "#3"},
				"west": {"uv": [1.5, 8.25, 2, 8.5], "texture": "#3"},
				"up": {"uv": [8.25, 8.25, 7.75, 7.75], "texture": "#3"},
				"down": {"uv": [0.5, 8, 0, 8.5], "texture": "#3"}
			}
		},
		{
			"from": [7.44176, -3.74028, 10.38031],
			"to": [8.44176, -2.74028, 12.38031],
			"rotation": {"angle": 22.5, "axis": "x", "origin": [8, -3.19046, 10.34329]},
			"faces": {
				"north": {"uv": [8.25, 4, 8.5, 4.25], "texture": "#3"},
				"east": {"uv": [8.25, 2.75, 8.75, 3], "texture": "#3"},
				"south": {"uv": [8.25, 4.25, 8.5, 4.5], "texture": "#3"},
				"west": {"uv": [8.25, 3, 8.75, 3.25], "texture": "#3"},
				"up": {"uv": [7.25, 8.5, 7, 8], "texture": "#3"},
				"down": {"uv": [8.5, 3.25, 8.25, 3.75], "texture": "#3"}
			}
		},
		{
			"name": "arrow",
			"from": [7.998, 4.998, 1.998],
			"to": [8.002, 8.752, 14.002],
			"rotation": {"angle": -45, "axis": "z", "origin": [8, 6.875, 10.625]},
			"faces": {
				"north": {"uv": [0, 0, 0, 1.25], "texture": "#3"},
				"east": {"uv": [8.75, 0, 4.75, 1.25], "texture": "#3"},
				"south": {"uv": [0, 0, 0, 1.25], "texture": "#3"},
				"west": {"uv": [4.75, 0, 8.75, 1.25], "texture": "#3"},
				"up": {"uv": [0, 4, 0, 0], "texture": "#3"},
				"down": {"uv": [0, 0, 0, 4], "texture": "#3"}
			}
		},
		{
			"name": "arrow",
			"from": [6.123, 4.998, 13.248],
			"to": [9.877, 8.752, 13.252],
			"rotation": {"angle": -45, "axis": "z", "origin": [8, 6.875, 10.625]},
			"faces": {
				"north": {"uv": [4.75, 1.25, 6, 2.5], "texture": "#3"},
				"east": {"uv": [0, 0, 0, 1.25], "texture": "#3"},
				"south": {"uv": [4.75, 2.5, 6, 3.75], "texture": "#3"},
				"west": {"uv": [0, 0, 0, 1.25], "texture": "#3"},
				"up": {"uv": [1.25, 0, 0, 0], "texture": "#3"},
				"down": {"uv": [1.25, 0, 0, 0], "texture": "#3"}
			}
		},
		{
			"name": "arrow",
			"from": [6.123, 6.873, 1.998],
			"to": [9.877, 6.877, 14.002],
			"rotation": {"angle": -45, "axis": "z", "origin": [8, 6.875, 10.625]},
			"faces": {
				"north": {"uv": [0, 0, 1.25, 0], "texture": "#3"},
				"east": {"uv": [0, 0, 4, 0], "texture": "#3"},
				"south": {"uv": [0, 0, 1.25, 0], "texture": "#3"},
				"west": {"uv": [0, 0, 4, 0], "texture": "#3"},
				"up": {"uv": [3.25, 9.25, 2, 5.25], "texture": "#3"},
				"down": {"uv": [4.5, 9.25, 3.25, 5.25], "texture": "#3"}
			}
		}
	],
	"gui_light": "front",
	"display": {
		"thirdperson_righthand": {
			"translation": [0, -1, 1.5]
		},
		"thirdperson_lefthand": {
			"translation": [0, -1, 2.25]
		},
		"firstperson_righthand": {
			"rotation": [22, 6, 0],
			"translation": [5.5, 3.75, -6],
			"scale": [0.8, 0.8, 0.8]
		},
		"firstperson_lefthand": {
			"rotation": [22, 6, 0],
			"translation": [5.5, 3.75, -6],
			"scale": [0.8, 0.8, 0.8]
		},
		"ground": {
			"rotation": [-45, 0, 0],
			"translation": [0, 3.25, 0],
			"scale": [0.5, 0.5, 0.5]
		},
		"gui": {
			"rotation": [-90, 135, 90],
			"translation": [-0.5, 1.5, 0],
			"scale": [0.7, 0.7, 0.7]
		},
		"fixed": {
			"rotation": [90, -45, 90],
			"translation": [3.25, 3.25, -1],
			"scale": [0.85, 0.85, 0.85]
		}
	},
	"groups": [
		{
			"name": "group",
			"origin": [8, 0.95954, 15.59329],
			"color": 0,
			"children": [
				0,
				1,
				2,
				3,
				4,
				5,
				6,
				7,
				8,
				9,
				10,
				11,
				12,
				13,
				{
					"name": "arrow",
					"origin": [0, 2.5, 7],
					"rotation": [0, -90, 0],
					"color": 0,
					"children": [14, 15, 16]
				}
			]
		}
	]
}