{
	"credit": "Made with Blockbench",
	"texture_size": [64, 64],
	"textures": {
		"4": "item/compositebow/bow_pulling_2",
		"particle": "item/compositebow/bow_pulling_2"
	},
	"elements": [
		{
			"from": [8, -0.5, 13],
			"to": [8, 14.5, 17],
			"rotation": {"angle": 0, "axis": "y", "origin": [0, -3, -2.25]},
			"faces": {
				"north": {"uv": [0, 0, 0, 3.75], "texture": "#4"},
				"east": {"uv": [1.25, 4, 2.25, 7.75], "texture": "#4"},
				"south": {"uv": [0, 0, 0, 3.75], "texture": "#4"},
				"west": {"uv": [4, 2.5, 5, 6.25], "texture": "#4"},
				"up": {"uv": [0, 1, 0, 0], "texture": "#4"},
				"down": {"uv": [0, 0, 0, 1], "texture": "#4"}
			}
		},
		{
			"from": [6.995, 3.995, 5.995],
			"to": [9.005, 10.005, 8.005],
			"rotation": {"angle": 0, "axis": "y", "origin": [0, -3, 15.25]},
			"faces": {
				"north": {"uv": [2.75, 6.5, 3.25, 8], "texture": "#4"},
				"east": {"uv": [3.25, 6.5, 3.75, 8], "texture": "#4"},
				"south": {"uv": [6.5, 4.25, 7, 5.75], "texture": "#4"},
				"west": {"uv": [6.5, 5.75, 7, 7.25], "texture": "#4"},
				"up": {"uv": [5.5, 7.75, 5, 7.25], "texture": "#4"},
				"down": {"uv": [6, 7.25, 5.5, 7.75], "texture": "#4"}
			}
		},
		{
			"from": [6.495, 9.595, 5.395],
			"to": [9.505, 10.605, 8.405],
			"rotation": {"angle": -22.5, "axis": "x", "origin": [8, 10.1, 7]},
			"faces": {
				"north": {"uv": [7.25, 3.25, 8, 3.5], "texture": "#4"},
				"east": {"uv": [7.75, 7, 8.5, 7.25], "texture": "#4"},
				"south": {"uv": [8, 1.5, 8.75, 1.75], "texture": "#4"},
				"west": {"uv": [8, 1.75, 8.75, 2], "texture": "#4"},
				"up": {"uv": [7.75, 7.25, 7, 6.5], "texture": "#4"},
				"down": {"uv": [8, 1, 7.25, 1.75], "texture": "#4"}
			}
		},
		{
			"from": [6.495, 3.395, 5.395],
			"to": [9.505, 4.405, 8.405],
			"rotation": {"angle": 22.5, "axis": "x", "origin": [8, 3.9, 7]},
			"faces": {
				"north": {"uv": [8, 2, 8.75, 2.25], "texture": "#4"},
				"east": {"uv": [2.25, 8, 3, 8.25], "texture": "#4"},
				"south": {"uv": [8, 2.25, 8.75, 2.5], "texture": "#4"},
				"west": {"uv": [8, 2.5, 8.75, 2.75], "texture": "#4"},
				"up": {"uv": [8, 2.5, 7.25, 1.75], "texture": "#4"},
				"down": {"uv": [8, 2.5, 7.25, 3.25], "texture": "#4"}
			}
		},
		{
			"from": [6.997, 9.997, 5.997],
			"to": [9.003, 16.903, 8.003],
			"rotation": {"angle": -22.5, "axis": "x", "origin": [8, 10, 8]},
			"faces": {
				"north": {"uv": [2.25, 4, 2.75, 5.75], "texture": "#4"},
				"east": {"uv": [5, 5, 5.5, 6.75], "texture": "#4"},
				"south": {"uv": [5.5, 5, 6, 6.75], "texture": "#4"},
				"west": {"uv": [2.25, 5.75, 2.75, 7.5], "texture": "#4"},
				"up": {"uv": [6.5, 7.75, 6, 7.25], "texture": "#4"},
				"down": {"uv": [7, 7.25, 6.5, 7.75], "texture": "#4"}
			}
		},
		{
			"from": [6.997, -2.903, 5.997],
			"to": [9.003, 4.003, 8.003],
			"rotation": {"angle": 22.5, "axis": "x", "origin": [8, 4, 8]},
			"faces": {
				"north": {"uv": [6, 5, 6.5, 6.75], "texture": "#4"},
				"east": {"uv": [6.25, 2.5, 6.75, 4.25], "texture": "#4"},
				"south": {"uv": [4, 6.25, 4.5, 8], "texture": "#4"},
				"west": {"uv": [4.5, 6.25, 5, 8], "texture": "#4"},
				"up": {"uv": [7.5, 7.75, 7, 7.25], "texture": "#4"},
				"down": {"uv": [2.75, 7.5, 2.25, 8], "texture": "#4"}
			}
		},
		{
			"from": [6.998, 13.60091, 4.59871],
			"to": [9.002, 15.60491, 9.60271],
			"rotation": {"angle": -22.5, "axis": "x", "origin": [8, 15.53223, 3.61803]},
			"faces": {
				"north": {"uv": [7.5, 4, 8, 4.5], "texture": "#4"},
				"east": {"uv": [6.75, 0, 8, 0.5], "texture": "#4"},
				"south": {"uv": [7.5, 4.5, 8, 5], "texture": "#4"},
				"west": {"uv": [6.75, 0.5, 8, 1], "texture": "#4"},
				"up": {"uv": [7.25, 2.25, 6.75, 1], "texture": "#4"},
				"down": {"uv": [7.25, 2.25, 6.75, 3.5], "texture": "#4"}
			}
		},
		{
			"from": [6.998, -1.51253, 4.53698],
			"to": [9.002, 0.49147, 9.54098],
			"rotation": {"angle": 22.5, "axis": "x", "origin": [8, -1.53223, 3.51803]},
			"faces": {
				"north": {"uv": [7.5, 5, 8, 5.5], "texture": "#4"},
				"east": {"uv": [6.75, 3.5, 8, 4], "texture": "#4"},
				"south": {"uv": [7.5, 5.5, 8, 6], "texture": "#4"},
				"west": {"uv": [5, 6.75, 6.25, 7.25], "texture": "#4"},
				"up": {"uv": [7.5, 5.25, 7, 4], "texture": "#4"},
				"down": {"uv": [7.5, 5.25, 7, 6.5], "texture": "#4"}
			}
		},
		{
			"from": [7, 15.84842, 9.12086],
			"to": [9, 17.84842, 11.12086],
			"rotation": {"angle": 22.5, "axis": "x", "origin": [8, 17.86118, 9.02258]},
			"faces": {
				"north": {"uv": [7.5, 6, 8, 6.5], "texture": "#4"},
				"east": {"uv": [7.5, 7.25, 8, 7.75], "texture": "#4"},
				"south": {"uv": [1.25, 7.75, 1.75, 8.25], "texture": "#4"},
				"west": {"uv": [1.75, 7.75, 2.25, 8.25], "texture": "#4"},
				"up": {"uv": [5.5, 8.25, 5, 7.75], "texture": "#4"},
				"down": {"uv": [6, 7.75, 5.5, 8.25], "texture": "#4"}
			}
		},
		{
			"from": [7.5, 16.07393, 10.58459],
			"to": [8.5, 17.07393, 12.58459],
			"rotation": {"angle": 22.5, "axis": "x", "origin": [8, 16.91118, 9.62258]},
			"faces": {
				"north": {"uv": [6.25, 4.75, 6.5, 5], "texture": "#4"},
				"east": {"uv": [8, 2.75, 8.5, 3], "texture": "#4"},
				"south": {"uv": [6.75, 4, 7, 4.25], "texture": "#4"},
				"west": {"uv": [3, 8, 3.5, 8.25], "texture": "#4"},
				"up": {"uv": [6.5, 4.75, 6.25, 4.25], "texture": "#4"},
				"down": {"uv": [4, 6.5, 3.75, 7], "texture": "#4"}
			}
		},
		{
			"from": [7, 16.07393, 12.58459],
			"to": [9, 17.07393, 14.58459],
			"rotation": {"angle": 22.5, "axis": "x", "origin": [8, 16.91118, 9.62258]},
			"faces": {
				"north": {"uv": [8, 3, 8.5, 3.25], "texture": "#4"},
				"east": {"uv": [8, 3.25, 8.5, 3.5], "texture": "#4"},
				"south": {"uv": [3.5, 8, 4, 8.25], "texture": "#4"},
				"west": {"uv": [8, 3.5, 8.5, 3.75], "texture": "#4"},
				"up": {"uv": [6.5, 8.25, 6, 7.75], "texture": "#4"},
				"down": {"uv": [7, 7.75, 6.5, 8.25], "texture": "#4"}
			}
		},
		{
			"from": [7, -3.81979, 9.08005],
			"to": [9, -1.81979, 11.08005],
			"rotation": {"angle": -22.5, "axis": "x", "origin": [8, -3.84046, 9.09329]},
			"faces": {
				"north": {"uv": [7.75, 6.5, 8.25, 7], "texture": "#4"},
				"east": {"uv": [7, 7.75, 7.5, 8.25], "texture": "#4"},
				"south": {"uv": [7.5, 7.75, 8, 8.25], "texture": "#4"},
				"west": {"uv": [0, 8, 0.5, 8.5], "texture": "#4"},
				"up": {"uv": [8.5, 0.5, 8, 0], "texture": "#4"},
				"down": {"uv": [1, 8, 0.5, 8.5], "texture": "#4"}
			}
		},
		{
			"from": [6.94176, -3.28148, 12.28687],
			"to": [8.94176, -2.28148, 14.28687],
			"rotation": {"angle": -22.5, "axis": "x", "origin": [8, -2.19046, 8.94329]},
			"faces": {
				"north": {"uv": [8, 3.75, 8.5, 4], "texture": "#4"},
				"east": {"uv": [4, 8, 4.5, 8.25], "texture": "#4"},
				"south": {"uv": [8, 4, 8.5, 4.25], "texture": "#4"},
				"west": {"uv": [8, 4.25, 8.5, 4.5], "texture": "#4"},
				"up": {"uv": [8.5, 1, 8, 0.5], "texture": "#4"},
				"down": {"uv": [8.5, 1, 8, 1.5], "texture": "#4"}
			}
		},
		{
			"from": [7.44176, -3.28148, 10.28687],
			"to": [8.44176, -2.28148, 12.28687],
			"rotation": {"angle": -22.5, "axis": "x", "origin": [8, -2.19046, 8.94329]},
			"faces": {
				"north": {"uv": [3.75, 7.5, 4, 7.75], "texture": "#4"},
				"east": {"uv": [4.5, 8, 5, 8.25], "texture": "#4"},
				"south": {"uv": [3.75, 7.75, 4, 8], "texture": "#4"},
				"west": {"uv": [8, 4.5, 8.5, 4.75], "texture": "#4"},
				"up": {"uv": [6.5, 7.25, 6.25, 6.75], "texture": "#4"},
				"down": {"uv": [4, 7, 3.75, 7.5], "texture": "#4"}
			}
		},
		{
			"name": "arrow",
			"from": [6.123, 6.873, 3.248],
			"to": [9.877, 6.877, 15.252],
			"rotation": {"angle": -45, "axis": "z", "origin": [8, 6.875, 11.875]},
			"faces": {
				"north": {"uv": [0, 0, 0, 1.25], "rotation": 270, "texture": "#4"},
				"east": {"uv": [0, 4, 0, 0], "rotation": 90, "texture": "#4"},
				"south": {"uv": [0, 0, 0, 1.25], "rotation": 90, "texture": "#4"},
				"west": {"uv": [0, 0, 0, 4], "rotation": 90, "texture": "#4"},
				"up": {"uv": [2.75, 1.25, 6.75, 2.5], "rotation": 90, "texture": "#4"},
				"down": {"uv": [2.75, 0, 6.75, 1.25], "rotation": 90, "texture": "#4"}
			}
		},
		{
			"name": "arrow",
			"from": [6.123, 4.998, 14.498],
			"to": [9.877, 8.752, 14.502],
			"rotation": {"angle": -45, "axis": "z", "origin": [8, 6.875, 11.875]},
			"faces": {
				"north": {"uv": [5, 2.5, 6.25, 3.75], "rotation": 270, "texture": "#4"},
				"east": {"uv": [1.25, 0, 0, 0], "rotation": 90, "texture": "#4"},
				"south": {"uv": [5, 3.75, 6.25, 5], "rotation": 90, "texture": "#4"},
				"west": {"uv": [1.25, 0, 0, 0], "rotation": 90, "texture": "#4"},
				"up": {"uv": [0, 0, 0, 1.25], "rotation": 90, "texture": "#4"},
				"down": {"uv": [0, 0, 0, 1.25], "rotation": 90, "texture": "#4"}
			}
		},
		{
			"name": "arrow",
			"from": [7.998, 4.998, 3.248],
			"to": [8.002, 8.752, 15.252],
			"rotation": {"angle": -45, "axis": "z", "origin": [8, 6.875, 11.875]},
			"faces": {
				"north": {"uv": [0, 0, 1.25, 0], "rotation": 270, "texture": "#4"},
				"east": {"uv": [4, 6.5, 2.75, 2.5], "rotation": 90, "texture": "#4"},
				"south": {"uv": [0, 0, 1.25, 0], "rotation": 90, "texture": "#4"},
				"west": {"uv": [1.25, 8, 0, 4], "rotation": 90, "texture": "#4"},
				"up": {"uv": [0, 0, 4, 0], "rotation": 90, "texture": "#4"},
				"down": {"uv": [0, 0, 4, 0], "rotation": 90, "texture": "#4"}
			}
		}
	],
	"gui_light": "front",
	"display": {
		"thirdperson_righthand": {
			"translation": [0, -1, 1.5]
		},
		"thirdperson_lefthand": {
			"translation": [0, -1, 2.25]
		},
		"firstperson_righthand": {
			"rotation": [22, 6, 0],
			"translation": [5.5, 3.75, -6],
			"scale": [0.8, 0.8, 0.8]
		},
		"firstperson_lefthand": {
			"rotation": [22, 6, 0],
			"translation": [5.5, 3.75, -6],
			"scale": [0.8, 0.8, 0.8]
		},
		"ground": {
			"rotation": [-45, 0, 0],
			"translation": [0, 3.25, 0],
			"scale": [0.5, 0.5, 0.5]
		},
		"gui": {
			"rotation": [-90, 135, 90],
			"translation": [0, 0.75, 0],
			"scale": [0.7, 0.7, 0.7]
		},
		"fixed": {
			"rotation": [90, -45, 90],
			"translation": [3.25, 3.25, -1],
			"scale": [0.85, 0.85, 0.85]
		}
	},
	"groups": [
		{
			"name": "group",
			"origin": [8, 0.95954, 15.59329],
			"color": 0,
			"children": [
				0,
				1,
				2,
				3,
				4,
				5,
				6,
				7,
				8,
				9,
				10,
				11,
				12,
				13,
				{
					"name": "arrow",
					"origin": [0, 2.5, 7],
					"rotation": [0, -90, 0],
					"color": 0,
					"children": [14, 15, 16]
				}
			]
		}
	]
}